{"stats":{"minecraft:broken":{"minecraft:iron_chestplate":1,"minecraft:iron_leggings":1,"minecraft:chainmail_boots":1,"minecraft:iron_sword":1,"minecraft:wooden_pickaxe":1,"minecraft:shield":1,"minecraft:iron_helmet":1},"minecraft:killed_by":{"illagerinvasion:basher":1,"minecraft:creeper":1,"born_in_chaos_v1:bone_imp_minion":3,"minecraft:vindicator":4,"enemyexpansion:sprinter":2,"born_in_chaos_v1:supreme_bonescaller_not_despawn":2,"minecraft:zombie":2,"born_in_chaos_v1:supreme_bonescaller_stage_2":2,"minecraft:vex":4,"minecraft:husk":4,"minecraft:player":1,"born_in_chaos_v1:baby_skeleton_minion":1,"minecraft:stray":2,"minecraft:spider":2,"enemyexpansion:goblin":1,"minecraft:skeleton":2,"iceandfire:lightning_dragon":6,"undead_revamp2:thebeartamer":1},"minecraft:used":{"minecraft:writable_book":2,"minecraft:shield":176,"minecraft:iron_sword":572,"luminousworld:savannah_ground":1,"supplementaries:globe":1,"born_in_chaos_v1:corpse_maggot":4,"born_in_chaos_v1:smoked_flesh":4,"iceandfire:crackled_gravel":4,"minecraft:dark_oak_slab":2,"minecraft:stone_bricks":19,"minecraft:bow":42,"minecraft:furnace":3,"minecraft:stone_pickaxe":38,"minecraft:oak_planks":13,"minecraft:wooden_pickaxe":64,"minecraft:diamond_axe":245,"minecraft:golden_apple":9,"minecraft:dark_oak_log":1,"born_in_chaos_v1:monster_flesh":1,"minecraft:cyan_bed":3,"minecraft:bread":99,"minecraft:wooden_sword":79,"iceandfire:pixie_house_mushroom_red":1,"minecraft:experience_bottle":2,"tombstone:scroll_of_lightning_resistance":1,"minecraft:stone_sword":5,"born_in_chaos_v1:ethereal_spirit":7,"tombstone:scroll_of_frost_resistance":1,"minecraft:dirt":34,"iceandfire:pixie_dust":1,"minecraft:iron_axe":16,"tombstone:gift":1,"minecraft:acacia_planks":5,"minecraft:wheat_seeds":1,"minecraft:acacia_boat":1,"tombstone:scroll_of_knowledge":1,"minecraft:cobblestone_stairs":1,"minecraft:birch_planks":2,"minecraft:crafting_table":10,"minecraft:white_bed":17,"minecraft:chicken":1,"minecraft:iron_pickaxe":301,"minecraft:stone_axe":59,"minecraft:cobblestone":41,"illagerinvasion:platinum_infused_hatchet":10,"minecraft:porkchop":1,"minecraft:cooked_porkchop":12,"quark:oak_chest":1},"minecraft:crafted":{"minecraft:oak_planks":76,"iceandfire:armor_electric_chestplate":1,"quark:trowel":1,"minecraft:cooked_mutton":6,"minecraft:iron_boots":1,"minecraft:cooked_porkchop":17,"minecraft:crafting_table":8,"minecraft:wooden_pickaxe":3,"minecraft:iron_helmet":1,"minecraft:birch_planks":40,"minecraft:stick":36,"quark:oak_chest":1,"minecraft:iron_ingot":2,"minecraft:iron_pickaxe":1,"minecraft:stone_sword":2,"minecraft:wooden_sword":3,"minecraft:leather_boots":2,"minecraft:furnace":3,"minecraft:stone_pickaxe":1,"minecraft:wheat":64,"minecraft:iron_sword":5,"minecraft:stone_axe":1,"minecraft:acacia_boat":1,"minecraft:bread":57,"minecraft:air":0,"iceandfire:bestiary":1,"minecraft:iron_leggings":1,"minecraft:white_bed":1,"minecraft:acacia_planks":32},"minecraft:picked_up":{"minecraft:iron_chestplate":3,"minecraft:wheat":121,"minecraft:flower_pot":1,"minecraft:enchanted_book":2,"minecraft:waxed_cut_copper_slab":1,"minecraft:dark_oak_trapdoor":2,"minecraft:string":16,"minecraft:sticky_piston":1,"minecraft:armor_stand":1,"minecraft:experience_bottle":2,"minecraft:beetroot":5,"illagerinvasion:platinum_infused_hatchet":1,"minecraft:gold_nugget":28,"minecraft:rose_bush":1,"minecraft:iron_pickaxe":3,"minecraft:melon_slice":6,"minecraft:tipped_arrow":3,"minecraft:stick":4,"born_in_chaos_v1:shattered_skull":3,"iceandfire:crackled_dirt":4,"minecraft:oak_fence":1,"minecraft:torch":3,"minecraft:acacia_log":17,"minecraft:spruce_stairs":3,"luminousworld:savannah_soil":1,"minecraft:porkchop":18,"iceandfire:lightning_dragon_flesh":6,"iceandfire:crackled_gravel":4,"tombstone:grave_dust":3,"minecraft:diorite":2,"minecraft:honey_bottle":1,"luminousworld:grassflowers":2,"minecraft:rotten_flesh":56,"luminousworld:soft_birch_log":3,"aether:chainmail_gloves":4,"supplementaries:antique_ink":1,"minecraft:iron_block":2,"iceandfire:crackled_grass":1,"supplementaries:ash":12,"luminousworld:tall_deadbush":1,"minecraft:iron_bars":1,"quark:trowel":1,"minecraft:cobblestone":149,"minecraft:birch_log":13,"luminousworld:savannah_ground":1,"minecraft:feather":3,"minecraft:andesite":6,"minecraft:potato":1,"supplementaries:flax_seeds":1,"minecraft:dirt":63,"minecraft:lantern":4,"born_in_chaos_v1:monster_skin":9,"minecraft:bone":19,"minecraft:acacia_planks":3,"minecraft:bow":3,"minecraft:wheat_seeds":519,"minecraft:cooked_porkchop":1,"minecraft:poisonous_potato":1,"minecraft:cyan_bed":4,"iceandfire:lightning_dragon_heart":1,"minecraft:red_terracotta":1,"minecraft:dark_oak_log":17,"minecraft:mossy_cobblestone":1,"minecraft:dark_prismarine":11,"minecraft:bundle":2,"minecraft:iron_hoe":2,"minecraft:writable_book":2,"minecraft:golden_apple":3,"minecraft:emerald":26,"minecraft:chainmail_helmet":1,"minecraft:bread":26,"minecraft:oak_sapling":2,"born_in_chaos_v1:rotten_fish":1,"iceandfire:silver_nugget":10,"iceandfire:raw_silver":3,"luminousworld:groundpebbles_1":1,"minecraft:crafting_table":5,"minecraft:chicken":2,"born_in_chaos_v1:seedof_chaos":1,"minecraft:brown_mushroom":4,"minecraft:wooden_pickaxe":1,"minecraft:chain":8,"minecraft:iron_axe":1,"minecraft:wooden_sword":2,"minecraft:item_frame":5,"iceandfire:bestiary":1,"minecraft:beef":1,"minecraft:iron_nugget":3,"minecraft:spruce_slab":2,"iceandfire:dragonscales_electric":9,"minecraft:chest":2,"minecraft:birch_sapling":2,"minecraft:spruce_trapdoor":1,"minecraft:egg":1,"minecraft:raw_iron":14,"iceandfire:dragonbone":44,"minecraft:copper_ingot":12,"sophisticatedbackpacks:backpack":1,"minecraft:dark_oak_planks":2,"iceandfire:dragon_skull_ice":1,"luminousworld:decorative_brown_mushroom_1":2,"minecraft:arrow":78,"minecraft:pumpkin_pie":3,"minecraft:peony":1,"minecraft:hay_block":18,"minecraft:black_banner":1,"born_in_chaos_v1:spiny_shell":4,"minecraft:gold_ingot":1,"minecraft:totem_of_undying":1,"sophisticatedbackpacks:copper_backpack":1,"minecraft:mutton":6,"minecraft:skeleton_skull":1,"minecraft:white_wool":7,"minecraft:oxeye_daisy":2,"born_in_chaos_v1:corpse_maggot":14,"born_in_chaos_v1:monster_flesh":1,"minecraft:tripwire_hook":1,"minecraft:leather":2,"minecraft:birch_planks":2,"minecraft:crimson_fungus":1,"minecraft:oak_log":22,"minecraft:chainmail_chestplate":2,"minecraft:gunpowder":12,"minecraft:cobblestone_stairs":2,"minecraft:paper":6,"iceandfire:pixie_house_mushroom_red":1,"minecraft:stone_bricks":41,"minecraft:kelp":3,"born_in_chaos_v1:smoked_flesh":4,"minecraft:iron_ingot":4,"minecraft:stone_pickaxe":1,"tombstone:bag_of_seeds":3,"tombstone:scroll_of_frost_resistance":1,"minecraft:iron_sword":4,"minecraft:book":216,"iceandfire:copper_nugget":176,"minecraft:dark_oak_slab":4,"minecraft:chiseled_stone_bricks":2,"born_in_chaos_v1:ethereal_spirit":9,"minecraft:dandelion":1,"minecraft:white_bed":17,"minecraft:spider_eye":10,"minecraft:pumpkin_seeds":5,"minecraft:stone_axe":3,"minecraft:iron_helmet":1,"minecraft:diamond_axe":1,"tombstone:magic_scroll":2,"minecraft:damaged_anvil":1,"minecraft:black_wool":1,"minecraft:melon_seeds":1,"minecraft:coal":14},"minecraft:dropped":{"minecraft:lantern":1,"iceandfire:ectoplasm":3,"born_in_chaos_v1:pileof_dark_metal":1,"minecraft:item_frame":4,"minecraft:dirt":7,"tombstone:bag_of_seeds":1,"minecraft:dark_oak_trapdoor":2,"minecraft:chain":4,"minecraft:writable_book":2,"tombstone:scroll_of_frost_resistance":1,"minecraft:dark_oak_planks":2,"minecraft:bone":3,"minecraft:waxed_cut_copper_slab":1,"alexscaves:cave_tablet":1,"minecraft:birch_sapling":1,"minecraft:wheat":7,"born_in_chaos_v1:ethereal_spirit":4,"minecraft:rotten_flesh":36,"luminousworld:tall_deadbush":1,"minecraft:enchanted_golden_apple":1,"minecraft:cooked_mutton":6,"minecraft:white_bed":1,"artifacts:chorus_totem":1,"minecraft:chainmail_chestplate":1,"luminousworld:grassflowers":1,"minecraft:tipped_arrow":1,"born_in_chaos_v1:seedof_chaos":1,"minecraft:skeleton_skull":1,"iceandfire:bestiary":1,"minecraft:leather_boots":1,"quark:trowel":1,"minecraft:painting":1,"minecraft:spruce_slab":2,"minecraft:arrow":33,"minecraft:beef":1,"iceandfire:manuscript":4,"minecraft:iron_ingot":24,"minecraft:bread":10,"born_in_chaos_v1:shattered_skull":1,"minecraft:wheat_seeds":303,"illagerinvasion:platinum_infused_hatchet":1,"minecraft:feather":3,"minecraft:cobblestone":1,"minecraft:book":149,"minecraft:copper_ingot":7,"minecraft:spruce_stairs":3,"minecraft:acacia_log":5,"minecraft:chainmail_helmet":1,"minecraft:coal":2,"minecraft:golden_apple":1,"minecraft:stick":8,"minecraft:oxeye_daisy":1,"iceandfire:crackled_dirt":4,"minecraft:torch":3,"minecraft:melon_slice":6,"minecraft:string":10,"minecraft:acacia_planks":6,"iceandfire:dragonbone":5,"minecraft:stone_sword":1,"minecraft:chicken":1,"sophisticatedbackpacks:backpack":1,"minecraft:red_terracotta":1,"minecraft:pumpkin_seeds":5,"minecraft:diamond_chestplate":1,"aether:chainmail_gloves":4,"minecraft:bundle":1,"minecraft:peony":1,"minecraft:spruce_trapdoor":1,"luminousworld:groundpebbles_1":1,"minecraft:andesite":3,"minecraft:oak_sapling":1,"minecraft:spider_eye":5,"minecraft:bow":1},"minecraft:custom":{"minecraft:animals_bred":5,"minecraft:interact_with_crafting_table":43,"minecraft:open_barrel":16,"minecraft:eat_cake_slice":9,"minecraft:leave_game":10,"minecraft:time_since_death":538,"minecraft:sprint_one_cm":945342,"minecraft:damage_blocked_by_shield":3891,"minecraft:drop":133,"minecraft:talked_to_villager":9,"minecraft:play_time":312013,"minecraft:deaths":46,"minecraft:jump":7381,"minecraft:interact_with_brewingstand":2,"minecraft:walk_on_water_one_cm":32048,"minecraft:interact_with_furnace":26,"minecraft:interact_with_loom":1,"minecraft:sleep_in_bed":13,"minecraft:damage_dealt":26933,"minecraft:player_kills":1,"minecraft:crouch_one_cm":22229,"tombstone:undead_killed":55,"minecraft:interact_with_smoker":1,"minecraft:interact_with_smithing_table":2,"minecraft:interact_with_anvil":2,"minecraft:mob_kills":133,"minecraft:damage_dealt_resisted":2264,"minecraft:climb_one_cm":2047,"minecraft:walk_one_cm":1095954,"minecraft:sneak_time":7082,"minecraft:walk_under_water_one_cm":17517,"minecraft:boat_one_cm":152709,"minecraft:interact_with_blast_furnace":1,"minecraft:total_world_time":312013,"tombstone:raider_killed":25,"minecraft:tune_noteblock":42,"minecraft:interact_with_grindstone":1,"minecraft:time_since_rest":83,"minecraft:damage_taken":19025,"minecraft:damage_absorbed":321,"minecraft:trigger_trapped_chest":4,"minecraft:swim_one_cm":57893,"minecraft:fly_one_cm":1359362,"minecraft:open_chest":163,"minecraft:fall_one_cm":200281},"minecraft:killed":{"illagerinvasion:archivist":4,"born_in_chaos_v1:restless_spirit":3,"enemyexpansion:equestrian":1,"minecraft:spider":11,"illagerinvasion:basher":1,"born_in_chaos_v1:scarlet_persecutor":2,"minecraft:skeleton":10,"minecraft:chicken":2,"illagerinvasion:provoker":5,"undead_revamp2:therod":2,"born_in_chaos_v1:supreme_bonescaller_stage_2":1,"illagerinvasion:necromancer":1,"minecraft:pig":8,"minecraft:sheep":8,"luminousworld:savannah_skeleton":2,"minecraft:zombie":7,"born_in_chaos_v1:dread_hound":1,"born_in_chaos_v1:corpse_fly":5,"minecraft:stray":3,"undead_revamp2:theskeeper":1,"iceandfire:pixie":1,"iceandfire:lightning_dragon":1,"born_in_chaos_v1:door_knight":1,"minecraft:cow":1,"minecraft:evoker":1,"minecraft:vindicator":9,"illagerinvasion:marauder":4,"born_in_chaos_v1:thornshell_crab":1,"born_in_chaos_v1:maggot":3,"luminousworld:savannah_zombie":1,"friendsandfoes:copper_golem":1,"born_in_chaos_v1:fallen_chaos_knight":1,"minecraft:husk":1,"born_in_chaos_v1:bone_imp_minion":10,"undead_revamp2:the_moonflower":7,"enemyexpansion:sprinter":2,"born_in_chaos_v1:decrepit_skeleton":1,"iceandfire:ghost":4},"minecraft:mined":{"luminousworld:white_petunias":2,"minecraft:dark_oak_planks":3,"minecraft:waxed_cut_copper_slab":1,"minecraft:spruce_planks":1,"minecraft:white_bed":16,"iceandfire:copper_pile":8,"minecraft:cobblestone_stairs":2,"minecraft:spruce_trapdoor":2,"minecraft:acacia_log":13,"minecraft:grass_block":22,"luminousworld:savanna_grass_2":1,"minecraft:chiseled_stone_bricks":2,"minecraft:spawner":9,"minecraft:weeping_vines_plant":2,"minecraft:dark_oak_trapdoor":2,"minecraft:iron_ore":13,"minecraft:barrel":1,"iceandfire:crackled_dirt":1,"iceandfire:gold_pile":6,"minecraft:dead_tube_coral":1,"minecraft:iron_bars":1,"minecraft:iron_block":2,"minecraft:spruce_slab":3,"minecraft:piston_head":2,"luminousworld:birchtreemushrooms":1,"luminousworld:tall_deadbush":2,"minecraft:powder_snow":3,"iceandfire:podium_acacia":1,"minecraft:calcite":3,"minecraft:melon":1,"minecraft:chest":2,"supplementaries:wild_flax":1,"minecraft:cobblestone":33,"minecraft:cyan_bed":4,"minecraft:damaged_anvil":1,"minecraft:skeleton_skull":2,"minecraft:chain":2,"placeablesmod:gold_apple_block":1,"minecraft:dark_oak_slab":3,"minecraft:birch_log":13,"minecraft:wheat":13,"minecraft:grass":48,"minecraft:oak_log":19,"minecraft:dirt":10,"luminousworld:grassvariant_3":4,"minecraft:tripwire_hook":1,"luminousworld:savannah_grass_4":3,"minecraft:oak_leaves":10,"luminousworld:savannah_ground":3,"minecraft:dark_prismarine":11,"luminousworld:groundpebbles_1":1,"iceandfire:silver_ore":3,"minecraft:mossy_cobblestone":1,"luminousworld:grassvariant_4":2,"minecraft:dark_oak_log":15,"iceandfire:crackled_gravel":4,"minecraft:jungle_planks":4,"minecraft:weeping_vines":1,"luminousworld:grassvariant_2":9,"luminousworld:decorative_brown_mushroom_1":1,"minecraft:mangrove_trapdoor":2,"minecraft:hay_block":23,"iceandfire:crackled_grass":1,"minecraft:andesite":3,"minecraft:peony":1,"minecraft:bookshelf":81,"minecraft:vine":3,"minecraft:stone":135,"luminousworld:soft_birch_log":4,"luminousworld:savannah_soil":1,"minecraft:acacia_leaves":1,"minecraft:dandelion":1,"minecraft:oak_fence":1,"minecraft:crafting_table":4,"luminousworld:savannah_grass_1":5,"minecraft:oak_wood":1,"minecraft:tall_grass":17,"minecraft:diorite":3,"supplementaries:urn":2,"minecraft:spruce_stairs":5,"minecraft:birch_planks":2,"minecraft:red_terracotta":1,"naturalist:duckweed":1,"minecraft:black_wall_banner":1,"minecraft:spruce_log":1,"minecraft:birch_leaves":14,"iceandfire:pixie_house_mushroom_red":1,"minecraft:coal_ore":15,"iceandfire:silver_pile":3,"minecraft:cobweb":1,"minecraft:polished_andesite":5,"minecraft:stone_bricks":44,"minecraft:iron_trapdoor":2,"undead_revamp2:arapholia":1}},"DataVersion":3465}