{"stats":{"minecraft:broken":{"minecraft:iron_chestplate":1,"minecraft:wooden_pickaxe":1,"minecraft:iron_helmet":1},"minecraft:killed_by":{"minecraft:player":1,"born_in_chaos_v1:baby_skeleton_minion":1,"illagerinvasion:basher":1,"minecraft:stray":2,"minecraft:creeper":1,"minecraft:spider":2,"born_in_chaos_v1:bone_imp_minion":3,"enemyexpansion:goblin":1,"minecraft:vindicator":4,"enemyexpansion:sprinter":2,"minecraft:skeleton":1,"born_in_chaos_v1:supreme_bonescaller_not_despawn":2,"minecraft:zombie":2,"born_in_chaos_v1:supreme_bonescaller_stage_2":2,"undead_revamp2:thebeartamer":1,"minecraft:vex":4},"minecraft:used":{"minecraft:writable_book":2,"minecraft:stone_sword":5,"born_in_chaos_v1:ethereal_spirit":7,"tombstone:scroll_of_frost_resistance":1,"minecraft:shield":164,"minecraft:iron_sword":388,"luminousworld:savannah_ground":1,"supplementaries:globe":1,"minecraft:dirt":26,"born_in_chaos_v1:corpse_maggot":4,"born_in_chaos_v1:smoked_flesh":4,"minecraft:dark_oak_slab":2,"minecraft:stone_bricks":19,"minecraft:bow":31,"minecraft:furnace":3,"minecraft:acacia_planks":5,"minecraft:wheat_seeds":1,"tombstone:scroll_of_knowledge":1,"minecraft:acacia_boat":1,"minecraft:cobblestone_stairs":1,"minecraft:birch_planks":2,"minecraft:stone_pickaxe":38,"minecraft:oak_planks":1,"minecraft:wooden_pickaxe":64,"minecraft:diamond_axe":202,"minecraft:golden_apple":7,"minecraft:crafting_table":7,"minecraft:white_bed":10,"minecraft:dark_oak_log":1,"born_in_chaos_v1:monster_flesh":1,"minecraft:chicken":1,"minecraft:bread":54,"minecraft:iron_pickaxe":210,"minecraft:stone_axe":59,"minecraft:wooden_sword":79,"minecraft:cobblestone":40,"illagerinvasion:platinum_infused_hatchet":6,"minecraft:porkchop":1,"minecraft:cooked_porkchop":12,"quark:oak_chest":1,"tombstone:scroll_of_lightning_resistance":1,"minecraft:experience_bottle":2},"minecraft:crafted":{"minecraft:wooden_sword":3,"minecraft:oak_planks":44,"minecraft:furnace":3,"minecraft:cooked_mutton":6,"minecraft:iron_boots":1,"minecraft:stone_pickaxe":1,"minecraft:wheat":64,"minecraft:cooked_porkchop":17,"minecraft:crafting_table":5,"minecraft:wooden_pickaxe":3,"minecraft:iron_helmet":1,"minecraft:iron_sword":5,"minecraft:birch_planks":40,"minecraft:stone_axe":1,"minecraft:bread":36,"minecraft:acacia_boat":1,"minecraft:air":0,"minecraft:stick":36,"quark:oak_chest":1,"minecraft:iron_ingot":2,"minecraft:iron_pickaxe":1,"minecraft:stone_sword":2,"minecraft:iron_leggings":1,"minecraft:white_bed":1,"minecraft:acacia_planks":32},"minecraft:picked_up":{"minecraft:iron_chestplate":1,"luminousworld:groundpebbles_1":1,"minecraft:crafting_table":4,"minecraft:wheat":121,"minecraft:chicken":2,"minecraft:flower_pot":1,"born_in_chaos_v1:seedof_chaos":1,"minecraft:brown_mushroom":4,"minecraft:wooden_pickaxe":1,"minecraft:enchanted_book":2,"minecraft:chain":8,"minecraft:armor_stand":1,"minecraft:iron_axe":1,"minecraft:string":12,"minecraft:wooden_sword":2,"minecraft:sticky_piston":1,"minecraft:item_frame":1,"minecraft:experience_bottle":2,"illagerinvasion:platinum_infused_hatchet":1,"iceandfire:bestiary":1,"minecraft:rose_bush":1,"minecraft:iron_nugget":3,"minecraft:iron_pickaxe":2,"minecraft:spruce_slab":2,"minecraft:chest":2,"minecraft:birch_sapling":2,"minecraft:egg":1,"minecraft:tipped_arrow":1,"minecraft:stick":2,"minecraft:raw_iron":8,"born_in_chaos_v1:shattered_skull":1,"minecraft:copper_ingot":12,"minecraft:torch":2,"minecraft:acacia_log":17,"minecraft:spruce_stairs":3,"luminousworld:savannah_soil":1,"minecraft:porkchop":18,"tombstone:grave_dust":2,"minecraft:diorite":2,"luminousworld:grassflowers":2,"minecraft:arrow":14,"minecraft:rotten_flesh":40,"luminousworld:soft_birch_log":3,"supplementaries:antique_ink":1,"aether:chainmail_gloves":4,"minecraft:hay_block":13,"minecraft:iron_block":2,"born_in_chaos_v1:spiny_shell":4,"sophisticatedbackpacks:copper_backpack":1,"luminousworld:tall_deadbush":1,"supplementaries:ash":9,"minecraft:mutton":6,"minecraft:skeleton_skull":1,"minecraft:white_wool":7,"minecraft:cobblestone":136,"minecraft:oxeye_daisy":2,"minecraft:birch_log":13,"born_in_chaos_v1:corpse_maggot":9,"luminousworld:savannah_ground":1,"minecraft:feather":3,"born_in_chaos_v1:monster_flesh":1,"minecraft:andesite":6,"minecraft:potato":1,"minecraft:birch_planks":2,"minecraft:crimson_fungus":1,"minecraft:oak_log":14,"minecraft:chainmail_chestplate":2,"supplementaries:flax_seeds":1,"minecraft:gunpowder":12,"minecraft:cobblestone_stairs":1,"minecraft:dirt":51,"minecraft:paper":6,"minecraft:lantern":4,"born_in_chaos_v1:monster_skin":9,"minecraft:bone":12,"minecraft:acacia_planks":3,"minecraft:stone_bricks":35,"minecraft:kelp":3,"minecraft:bow":3,"minecraft:wheat_seeds":519,"born_in_chaos_v1:smoked_flesh":4,"minecraft:iron_ingot":2,"minecraft:stone_pickaxe":1,"tombstone:bag_of_seeds":2,"tombstone:scroll_of_frost_resistance":1,"minecraft:iron_sword":2,"minecraft:book":216,"minecraft:dark_oak_slab":4,"minecraft:cooked_porkchop":1,"minecraft:chiseled_stone_bricks":2,"born_in_chaos_v1:ethereal_spirit":8,"minecraft:dandelion":1,"minecraft:poisonous_potato":1,"minecraft:white_bed":10,"minecraft:dark_oak_log":17,"minecraft:spider_eye":10,"minecraft:iron_hoe":2,"minecraft:pumpkin_seeds":5,"minecraft:stone_axe":3,"minecraft:writable_book":2,"minecraft:diamond_axe":1,"minecraft:golden_apple":1,"minecraft:chainmail_helmet":1,"minecraft:emerald":22,"minecraft:bread":23,"tombstone:magic_scroll":1,"minecraft:melon_seeds":1,"minecraft:oak_sapling":1,"born_in_chaos_v1:rotten_fish":1,"minecraft:black_wool":1,"minecraft:coal":14,"iceandfire:raw_silver":3},"minecraft:dropped":{"minecraft:iron_ingot":24,"minecraft:bread":10,"minecraft:wheat_seeds":239,"minecraft:cobblestone":1,"minecraft:feather":3,"minecraft:book":149,"minecraft:lantern":1,"minecraft:copper_ingot":6,"born_in_chaos_v1:pileof_dark_metal":1,"minecraft:spruce_stairs":3,"minecraft:acacia_log":5,"minecraft:golden_apple":1,"minecraft:stick":8,"minecraft:oxeye_daisy":1,"minecraft:dirt":3,"tombstone:scroll_of_frost_resistance":1,"minecraft:chain":4,"minecraft:writable_book":1,"minecraft:string":2,"minecraft:acacia_planks":6,"minecraft:bone":3,"minecraft:stone_sword":1,"minecraft:birch_sapling":1,"born_in_chaos_v1:ethereal_spirit":4,"minecraft:chicken":1,"minecraft:rotten_flesh":33,"luminousworld:tall_deadbush":1,"minecraft:enchanted_golden_apple":1,"minecraft:cooked_mutton":6,"minecraft:white_bed":1,"luminousworld:grassflowers":1,"born_in_chaos_v1:seedof_chaos":1,"aether:chainmail_gloves":4,"minecraft:skeleton_skull":1,"luminousworld:groundpebbles_1":1,"minecraft:andesite":3,"minecraft:spider_eye":5,"minecraft:spruce_slab":2,"minecraft:arrow":1,"minecraft:bow":1},"minecraft:custom":{"minecraft:interact_with_smithing_table":2,"minecraft:mob_kills":103,"minecraft:animals_bred":5,"minecraft:interact_with_crafting_table":34,"minecraft:open_barrel":9,"minecraft:damage_dealt_resisted":2264,"minecraft:leave_game":9,"minecraft:time_since_death":687,"minecraft:climb_one_cm":484,"minecraft:sprint_one_cm":694205,"minecraft:walk_one_cm":816182,"minecraft:damage_blocked_by_shield":3665,"minecraft:drop":79,"minecraft:talked_to_villager":5,"minecraft:play_time":216325,"minecraft:sneak_time":6119,"minecraft:deaths":34,"minecraft:walk_under_water_one_cm":12603,"minecraft:boat_one_cm":152709,"minecraft:interact_with_brewingstand":2,"minecraft:jump":4707,"minecraft:total_world_time":216325,"minecraft:walk_on_water_one_cm":20583,"minecraft:interact_with_furnace":21,"tombstone:raider_killed":20,"minecraft:interact_with_loom":1,"minecraft:sleep_in_bed":7,"minecraft:time_since_rest":348,"minecraft:damage_absorbed":240,"minecraft:damage_taken":13400,"minecraft:trigger_trapped_chest":3,"minecraft:damage_dealt":19444,"minecraft:player_kills":1,"minecraft:swim_one_cm":39596,"minecraft:fly_one_cm":942550,"minecraft:open_chest":121,"minecraft:crouch_one_cm":17535,"tombstone:undead_killed":34,"minecraft:interact_with_smoker":1,"minecraft:fall_one_cm":112355},"minecraft:killed":{"born_in_chaos_v1:restless_spirit":3,"minecraft:spider":11,"minecraft:vindicator":7,"illagerinvasion:marauder":4,"born_in_chaos_v1:thornshell_crab":1,"born_in_chaos_v1:maggot":3,"illagerinvasion:basher":1,"minecraft:skeleton":1,"minecraft:chicken":2,"illagerinvasion:provoker":4,"undead_revamp2:therod":2,"born_in_chaos_v1:supreme_bonescaller_stage_2":1,"luminousworld:savannah_zombie":1,"friendsandfoes:copper_golem":1,"minecraft:pig":8,"born_in_chaos_v1:bone_imp_minion":10,"undead_revamp2:the_moonflower":3,"enemyexpansion:sprinter":2,"minecraft:sheep":8,"luminousworld:savannah_skeleton":2,"minecraft:zombie":5,"iceandfire:ghost":3,"born_in_chaos_v1:dread_hound":1,"born_in_chaos_v1:corpse_fly":5,"minecraft:stray":2,"undead_revamp2:theskeeper":1,"iceandfire:pixie":1,"born_in_chaos_v1:door_knight":1,"illagerinvasion:archivist":4},"minecraft:mined":{"luminousworld:white_petunias":2,"luminousworld:groundpebbles_1":1,"minecraft:spruce_planks":1,"minecraft:white_bed":9,"iceandfire:silver_ore":3,"luminousworld:grassvariant_4":1,"minecraft:cobblestone_stairs":1,"minecraft:dark_oak_log":15,"minecraft:spruce_trapdoor":1,"minecraft:acacia_log":13,"minecraft:grass_block":14,"minecraft:weeping_vines":1,"luminousworld:grassvariant_2":9,"luminousworld:savanna_grass_2":1,"minecraft:chiseled_stone_bricks":2,"minecraft:spawner":5,"minecraft:hay_block":18,"minecraft:weeping_vines_plant":2,"minecraft:iron_ore":7,"minecraft:andesite":3,"minecraft:bookshelf":79,"minecraft:vine":2,"minecraft:dead_tube_coral":1,"minecraft:iron_block":2,"minecraft:stone":125,"minecraft:spruce_slab":3,"minecraft:piston_head":1,"luminousworld:soft_birch_log":4,"luminousworld:savannah_soil":1,"minecraft:acacia_leaves":1,"luminousworld:birchtreemushrooms":1,"luminousworld:tall_deadbush":2,"minecraft:dandelion":1,"iceandfire:podium_acacia":1,"minecraft:crafting_table":3,"luminousworld:savannah_grass_1":5,"minecraft:chest":2,"supplementaries:wild_flax":1,"minecraft:tall_grass":15,"minecraft:cobblestone":26,"minecraft:diorite":2,"supplementaries:urn":2,"minecraft:skeleton_skull":2,"minecraft:spruce_stairs":5,"minecraft:chain":2,"minecraft:birch_planks":2,"minecraft:dark_oak_slab":3,"naturalist:duckweed":1,"minecraft:birch_log":13,"minecraft:wheat":5,"minecraft:birch_leaves":10,"minecraft:grass":48,"minecraft:coal_ore":15,"minecraft:oak_log":11,"minecraft:dirt":9,"luminousworld:grassvariant_3":4,"minecraft:stone_bricks":36,"luminousworld:savannah_grass_4":3,"minecraft:oak_leaves":8,"luminousworld:savannah_ground":3,"undead_revamp2:arapholia":1}},"DataVersion":3465}