{"stats":{"minecraft:picked_up":{"minecraft:birch_log":13,"minecraft:crafting_table":2,"minecraft:feather":3,"minecraft:chicken":2,"minecraft:birch_planks":2,"minecraft:oak_log":14,"minecraft:string":6,"minecraft:dirt":37,"minecraft:bone":5,"minecraft:bow":2,"minecraft:wheat_seeds":2,"tombstone:bag_of_seeds":1,"minecraft:rose_bush":1,"minecraft:chest":1,"minecraft:egg":1,"minecraft:stick":2,"minecraft:acacia_log":4,"minecraft:dandelion":1,"minecraft:porkchop":17,"minecraft:white_bed":1,"minecraft:spider_eye":1,"luminousworld:grassflowers":1,"minecraft:rotten_flesh":1,"minecraft:arrow":6,"supplementaries:ash":2,"minecraft:oak_sapling":1,"minecraft:black_wool":1,"minecraft:mutton":6,"minecraft:coal":8,"minecraft:white_wool":5,"minecraft:cobblestone":46},"minecraft:custom":{"minecraft:interact_with_furnace":18,"minecraft:mob_kills":27,"minecraft:interact_with_crafting_table":20,"minecraft:open_barrel":2,"minecraft:damage_dealt_resisted":724,"minecraft:leave_game":4,"minecraft:time_since_death":644,"minecraft:sleep_in_bed":2,"minecraft:time_since_rest":553,"minecraft:sprint_one_cm":195096,"minecraft:damage_absorbed":40,"minecraft:damage_taken":3355,"minecraft:walk_one_cm":192563,"minecraft:drop":2,"minecraft:damage_dealt":3604,"minecraft:swim_one_cm":15039,"minecraft:fly_one_cm":294988,"minecraft:open_chest":14,"minecraft:crouch_one_cm":4078,"minecraft:play_time":57198,"tombstone:undead_killed":4,"minecraft:deaths":10,"minecraft:sneak_time":1931,"minecraft:walk_under_water_one_cm":1204,"minecraft:jump":1531,"minecraft:walk_on_water_one_cm":2341,"minecraft:total_world_time":57198,"minecraft:fall_one_cm":38741},"minecraft:dropped":{"minecraft:stone_sword":1,"minecraft:cooked_mutton":6},"minecraft:used":{"minecraft:stone_sword":5,"minecraft:birch_planks":2,"minecraft:stone_pickaxe":36,"minecraft:wooden_pickaxe":27,"minecraft:diamond_axe":28,"minecraft:golden_apple":1,"minecraft:dirt":16,"minecraft:crafting_table":4,"minecraft:white_bed":2,"minecraft:stone_axe":35,"minecraft:wooden_sword":78,"minecraft:cobblestone":8,"minecraft:bow":22,"minecraft:furnace":3,"minecraft:cooked_porkchop":10,"quark:oak_chest":1},"minecraft:killed":{"minecraft:pig":8,"minecraft:spider":6,"minecraft:sheep":6,"luminousworld:savannah_skeleton":2,"minecraft:chicken":2,"minecraft:stray":1,"luminousworld:savannah_zombie":1},"minecraft:killed_by":{"enemyexpansion:sprinter":1,"minecraft:player":1,"born_in_chaos_v1:baby_skeleton_minion":1,"born_in_chaos_v1:supreme_bonescaller_not_despawn":2,"minecraft:spider":2,"minecraft:vex":2},"minecraft:mined":{"minecraft:acacia_leaves":1,"minecraft:white_bed":1,"minecraft:dandelion":1,"minecraft:crafting_table":2,"minecraft:acacia_log":5,"minecraft:grass_block":4,"minecraft:chest":1,"minecraft:cobblestone":2,"minecraft:tall_grass":1,"minecraft:spawner":3,"minecraft:birch_planks":2,"minecraft:birch_log":13,"minecraft:birch_leaves":3,"minecraft:grass":24,"minecraft:coal_ore":8,"minecraft:oak_log":11,"minecraft:dirt":5,"minecraft:stone":44,"minecraft:oak_leaves":8},"minecraft:crafted":{"minecraft:wooden_sword":3,"minecraft:oak_planks":44,"minecraft:cooked_porkchop":17,"minecraft:crafting_table":3,"minecraft:wooden_pickaxe":3,"minecraft:iron_sword":1,"minecraft:furnace":3,"minecraft:birch_planks":28,"minecraft:stone_axe":1,"minecraft:cooked_mutton":6,"minecraft:air":0,"minecraft:stick":16,"quark:oak_chest":1,"minecraft:iron_ingot":2,"minecraft:iron_pickaxe":1,"minecraft:stone_pickaxe":1,"minecraft:stone_sword":2,"minecraft:white_bed":1}},"DataVersion":3465}