{"stats":{"minecraft:mined":{"minecraft:acacia_log":4,"minecraft:grass":6,"minecraft:grass_block":2,"minecraft:acacia_leaves":1,"minecraft:birch_log":7,"minecraft:stone":15,"minecraft:birch_leaves":2,"minecraft:oak_leaves":5},"minecraft:used":{"minecraft:wooden_sword":26,"minecraft:crafting_table":2,"minecraft:furnace":1,"minecraft:wooden_pickaxe":15},"minecraft:picked_up":{"minecraft:birch_log":7,"minecraft:acacia_log":3,"minecraft:porkchop":13,"minecraft:mutton":1,"minecraft:white_wool":1,"minecraft:dirt":2,"minecraft:cobblestone":15},"minecraft:crafted":{"minecraft:wooden_sword":2,"minecraft:furnace":1,"minecraft:birch_planks":28,"minecraft:crafting_table":2,"minecraft:stick":8,"minecraft:stone_pickaxe":1,"minecraft:wooden_pickaxe":1},"minecraft:killed":{"minecraft:sheep":1,"minecraft:pig":6},"minecraft:custom":{"minecraft:interact_with_furnace":1,"minecraft:time_since_rest":7229,"minecraft:crouch_one_cm":865,"minecraft:sprint_one_cm":21477,"minecraft:play_time":7229,"minecraft:damage_taken":175,"minecraft:walk_one_cm":21890,"minecraft:sneak_time":279,"minecraft:mob_kills":7,"minecraft:jump":205,"minecraft:damage_dealt":710,"minecraft:leave_game":1,"minecraft:time_since_death":7229,"minecraft:total_world_time":7229,"minecraft:interact_with_crafting_table":3,"minecraft:fall_one_cm":7495,"minecraft:fly_one_cm":36548}},"DataVersion":3465}