{"stats":{"minecraft:mined":{"minecraft:acacia_leaves":1,"minecraft:birch_log":7,"minecraft:birch_leaves":2,"minecraft:grass":6,"minecraft:acacia_log":4,"minecraft:grass_block":2,"minecraft:coal_ore":7,"minecraft:stone":29,"minecraft:oak_leaves":5},"minecraft:used":{"minecraft:stone_pickaxe":21,"minecraft:wooden_pickaxe":15,"minecraft:wooden_sword":26,"minecraft:crafting_table":2,"minecraft:furnace":1,"minecraft:cooked_porkchop":2},"minecraft:picked_up":{"minecraft:birch_log":7,"minecraft:acacia_log":3,"minecraft:porkchop":13,"minecraft:dirt":2,"minecraft:mutton":1,"minecraft:coal":7,"minecraft:white_wool":1,"minecraft:cobblestone":29},"minecraft:crafted":{"minecraft:wooden_sword":2,"minecraft:cooked_porkchop":11,"minecraft:crafting_table":2,"minecraft:stick":8,"minecraft:wooden_pickaxe":1,"minecraft:stone_pickaxe":1,"minecraft:furnace":1,"minecraft:birch_planks":28,"minecraft:stone_axe":1,"minecraft:air":0},"minecraft:killed":{"minecraft:sheep":1,"minecraft:pig":6},"minecraft:custom":{"minecraft:time_since_rest":10631,"minecraft:interact_with_furnace":8,"minecraft:sprint_one_cm":21477,"minecraft:damage_taken":175,"minecraft:walk_one_cm":29374,"minecraft:mob_kills":7,"minecraft:damage_dealt":710,"minecraft:interact_with_crafting_table":5,"minecraft:fly_one_cm":36575,"minecraft:crouch_one_cm":1493,"minecraft:play_time":10631,"minecraft:sneak_time":489,"minecraft:jump":228,"minecraft:leave_game":2,"minecraft:time_since_death":10631,"minecraft:total_world_time":10631,"minecraft:fall_one_cm":7495}},"DataVersion":3465}