{"stats":{"minecraft:picked_up":{"minecraft:birch_log":7,"minecraft:crafting_table":1,"minecraft:acacia_log":3,"minecraft:porkchop":13,"minecraft:oak_log":3,"minecraft:dirt":31,"minecraft:mutton":2,"minecraft:coal":7,"minecraft:white_wool":2,"minecraft:cobblestone":35},"minecraft:custom":{"minecraft:time_since_rest":462,"minecraft:interact_with_furnace":9,"minecraft:sprint_one_cm":49712,"minecraft:damage_taken":545,"minecraft:walk_one_cm":45627,"minecraft:mob_kills":8,"minecraft:damage_dealt":1022,"minecraft:swim_one_cm":11690,"minecraft:interact_with_crafting_table":5,"minecraft:fly_one_cm":76619,"minecraft:crouch_one_cm":1883,"minecraft:play_time":17035,"minecraft:deaths":1,"minecraft:sneak_time":653,"minecraft:walk_under_water_one_cm":988,"minecraft:jump":436,"minecraft:leave_game":3,"minecraft:walk_on_water_one_cm":1571,"minecraft:time_since_death":1327,"minecraft:total_world_time":17035,"minecraft:fall_one_cm":12445},"minecraft:used":{"minecraft:stone_pickaxe":27,"minecraft:wooden_pickaxe":15,"minecraft:stone_axe":6,"minecraft:wooden_sword":30,"minecraft:dirt":2,"minecraft:crafting_table":2,"minecraft:furnace":1,"minecraft:cooked_porkchop":4},"minecraft:killed":{"minecraft:sheep":2,"minecraft:pig":6},"minecraft:killed_by":{"enemyexpansion:sprinter":1},"minecraft:mined":{"minecraft:acacia_leaves":1,"minecraft:birch_log":7,"minecraft:birch_leaves":2,"minecraft:crafting_table":1,"minecraft:grass":7,"minecraft:acacia_log":4,"minecraft:grass_block":3,"minecraft:coal_ore":7,"minecraft:stone":35,"minecraft:oak_leaves":5},"minecraft:crafted":{"minecraft:wooden_sword":2,"minecraft:cooked_porkchop":13,"minecraft:crafting_table":2,"minecraft:stick":8,"minecraft:wooden_pickaxe":1,"minecraft:stone_pickaxe":1,"minecraft:furnace":1,"minecraft:birch_planks":28,"minecraft:stone_axe":1,"minecraft:air":0}},"DataVersion":3465}