{"stats":{"minecraft:broken":{"minecraft:iron_chestplate":1,"minecraft:iron_leggings":1,"minecraft:chainmail_boots":1,"minecraft:iron_sword":1,"minecraft:wooden_pickaxe":1,"minecraft:shield":1,"minecraft:iron_helmet":1},"minecraft:killed_by":{"illagerinvasion:basher":1,"minecraft:creeper":1,"born_in_chaos_v1:bone_imp_minion":3,"minecraft:vindicator":4,"enemyexpansion:sprinter":2,"born_in_chaos_v1:supreme_bonescaller_not_despawn":2,"minecraft:zombie":2,"born_in_chaos_v1:supreme_bonescaller_stage_2":2,"minecraft:vex":4,"minecraft:player":1,"born_in_chaos_v1:baby_skeleton_minion":1,"minecraft:stray":2,"minecraft:spider":2,"enemyexpansion:goblin":1,"minecraft:skeleton":1,"iceandfire:lightning_dragon":6,"undead_revamp2:thebeartamer":1},"minecraft:used":{"minecraft:writable_book":2,"minecraft:shield":176,"minecraft:iron_sword":486,"luminousworld:savannah_ground":1,"supplementaries:globe":1,"born_in_chaos_v1:corpse_maggot":4,"born_in_chaos_v1:smoked_flesh":4,"iceandfire:crackled_gravel":4,"minecraft:dark_oak_slab":2,"minecraft:stone_bricks":19,"minecraft:bow":35,"minecraft:furnace":3,"minecraft:stone_pickaxe":38,"minecraft:oak_planks":8,"minecraft:wooden_pickaxe":64,"minecraft:diamond_axe":237,"minecraft:golden_apple":8,"minecraft:dark_oak_log":1,"born_in_chaos_v1:monster_flesh":1,"minecraft:bread":78,"minecraft:wooden_sword":79,"iceandfire:pixie_house_mushroom_red":1,"minecraft:experience_bottle":2,"tombstone:scroll_of_lightning_resistance":1,"minecraft:stone_sword":5,"born_in_chaos_v1:ethereal_spirit":7,"tombstone:scroll_of_frost_resistance":1,"minecraft:dirt":32,"iceandfire:pixie_dust":1,"minecraft:iron_axe":3,"minecraft:acacia_planks":5,"minecraft:wheat_seeds":1,"minecraft:acacia_boat":1,"tombstone:scroll_of_knowledge":1,"minecraft:cobblestone_stairs":1,"minecraft:birch_planks":2,"minecraft:crafting_table":8,"minecraft:white_bed":13,"minecraft:chicken":1,"minecraft:iron_pickaxe":264,"minecraft:stone_axe":59,"minecraft:cobblestone":41,"illagerinvasion:platinum_infused_hatchet":8,"minecraft:porkchop":1,"minecraft:cooked_porkchop":12,"quark:oak_chest":1},"minecraft:crafted":{"minecraft:oak_planks":68,"iceandfire:armor_electric_chestplate":1,"quark:trowel":1,"minecraft:cooked_mutton":6,"minecraft:iron_boots":1,"minecraft:cooked_porkchop":17,"minecraft:crafting_table":6,"minecraft:wooden_pickaxe":3,"minecraft:iron_helmet":1,"minecraft:birch_planks":40,"minecraft:stick":36,"quark:oak_chest":1,"minecraft:iron_ingot":2,"minecraft:iron_pickaxe":1,"minecraft:stone_sword":2,"minecraft:wooden_sword":3,"minecraft:furnace":3,"minecraft:stone_pickaxe":1,"minecraft:wheat":64,"minecraft:iron_sword":5,"minecraft:stone_axe":1,"minecraft:acacia_boat":1,"minecraft:bread":36,"minecraft:air":0,"iceandfire:bestiary":1,"minecraft:iron_leggings":1,"minecraft:white_bed":1,"minecraft:acacia_planks":32},"minecraft:picked_up":{"minecraft:iron_chestplate":3,"minecraft:wheat":121,"minecraft:flower_pot":1,"minecraft:enchanted_book":2,"minecraft:string":12,"minecraft:sticky_piston":1,"minecraft:armor_stand":1,"minecraft:experience_bottle":2,"illagerinvasion:platinum_infused_hatchet":1,"minecraft:gold_nugget":28,"minecraft:rose_bush":1,"minecraft:iron_pickaxe":3,"minecraft:tipped_arrow":1,"minecraft:stick":4,"born_in_chaos_v1:shattered_skull":3,"iceandfire:crackled_dirt":4,"minecraft:oak_fence":1,"minecraft:torch":3,"minecraft:acacia_log":17,"minecraft:spruce_stairs":3,"luminousworld:savannah_soil":1,"minecraft:porkchop":18,"iceandfire:lightning_dragon_flesh":6,"iceandfire:crackled_gravel":4,"tombstone:grave_dust":3,"minecraft:diorite":2,"luminousworld:grassflowers":2,"minecraft:rotten_flesh":56,"luminousworld:soft_birch_log":3,"aether:chainmail_gloves":4,"supplementaries:antique_ink":1,"minecraft:iron_block":2,"iceandfire:crackled_grass":1,"supplementaries:ash":12,"luminousworld:tall_deadbush":1,"quark:trowel":1,"minecraft:cobblestone":145,"minecraft:birch_log":13,"luminousworld:savannah_ground":1,"minecraft:feather":3,"minecraft:andesite":6,"minecraft:potato":1,"supplementaries:flax_seeds":1,"minecraft:dirt":58,"minecraft:lantern":4,"born_in_chaos_v1:monster_skin":9,"minecraft:bone":12,"minecraft:acacia_planks":3,"minecraft:bow":3,"minecraft:wheat_seeds":519,"minecraft:cooked_porkchop":1,"minecraft:poisonous_potato":1,"iceandfire:lightning_dragon_heart":1,"minecraft:dark_oak_log":17,"minecraft:mossy_cobblestone":1,"minecraft:iron_hoe":2,"minecraft:writable_book":2,"minecraft:golden_apple":1,"minecraft:emerald":26,"minecraft:chainmail_helmet":1,"minecraft:bread":23,"minecraft:oak_sapling":2,"born_in_chaos_v1:rotten_fish":1,"iceandfire:silver_nugget":10,"iceandfire:raw_silver":3,"luminousworld:groundpebbles_1":1,"minecraft:crafting_table":4,"minecraft:chicken":2,"born_in_chaos_v1:seedof_chaos":1,"minecraft:brown_mushroom":4,"minecraft:wooden_pickaxe":1,"minecraft:chain":8,"minecraft:iron_axe":1,"minecraft:wooden_sword":2,"minecraft:item_frame":5,"iceandfire:bestiary":1,"minecraft:iron_nugget":3,"minecraft:spruce_slab":2,"iceandfire:dragonscales_electric":9,"minecraft:chest":2,"minecraft:birch_sapling":2,"minecraft:egg":1,"minecraft:raw_iron":14,"minecraft:copper_ingot":12,"luminousworld:decorative_brown_mushroom_1":2,"minecraft:arrow":41,"minecraft:peony":1,"minecraft:hay_block":13,"born_in_chaos_v1:spiny_shell":4,"minecraft:gold_ingot":1,"minecraft:totem_of_undying":1,"sophisticatedbackpacks:copper_backpack":1,"minecraft:mutton":6,"minecraft:skeleton_skull":1,"minecraft:white_wool":7,"minecraft:oxeye_daisy":2,"born_in_chaos_v1:corpse_maggot":14,"born_in_chaos_v1:monster_flesh":1,"minecraft:birch_planks":2,"minecraft:crimson_fungus":1,"minecraft:oak_log":22,"minecraft:chainmail_chestplate":2,"minecraft:gunpowder":12,"minecraft:cobblestone_stairs":2,"minecraft:paper":6,"iceandfire:pixie_house_mushroom_red":1,"minecraft:stone_bricks":41,"minecraft:kelp":3,"born_in_chaos_v1:smoked_flesh":4,"minecraft:iron_ingot":4,"minecraft:stone_pickaxe":1,"tombstone:bag_of_seeds":3,"tombstone:scroll_of_frost_resistance":1,"minecraft:iron_sword":4,"minecraft:book":216,"iceandfire:copper_nugget":176,"minecraft:dark_oak_slab":4,"minecraft:chiseled_stone_bricks":2,"born_in_chaos_v1:ethereal_spirit":9,"minecraft:dandelion":1,"minecraft:white_bed":15,"minecraft:spider_eye":10,"minecraft:pumpkin_seeds":5,"minecraft:stone_axe":3,"minecraft:iron_helmet":1,"minecraft:diamond_axe":1,"tombstone:magic_scroll":2,"minecraft:damaged_anvil":1,"minecraft:black_wool":1,"minecraft:melon_seeds":1,"minecraft:coal":14},"minecraft:dropped":{"minecraft:lantern":1,"born_in_chaos_v1:pileof_dark_metal":1,"minecraft:dirt":3,"tombstone:bag_of_seeds":1,"minecraft:chain":4,"minecraft:writable_book":2,"tombstone:scroll_of_frost_resistance":1,"minecraft:bone":3,"alexscaves:cave_tablet":1,"minecraft:birch_sapling":1,"minecraft:wheat":6,"born_in_chaos_v1:ethereal_spirit":4,"minecraft:rotten_flesh":36,"luminousworld:tall_deadbush":1,"minecraft:enchanted_golden_apple":1,"minecraft:cooked_mutton":6,"minecraft:white_bed":1,"artifacts:chorus_totem":1,"minecraft:chainmail_chestplate":1,"luminousworld:grassflowers":1,"born_in_chaos_v1:seedof_chaos":1,"minecraft:skeleton_skull":1,"quark:trowel":1,"minecraft:spruce_slab":2,"minecraft:arrow":3,"minecraft:iron_ingot":24,"minecraft:bread":10,"born_in_chaos_v1:shattered_skull":1,"minecraft:wheat_seeds":303,"minecraft:feather":3,"minecraft:cobblestone":1,"minecraft:book":149,"minecraft:copper_ingot":6,"minecraft:spruce_stairs":3,"minecraft:acacia_log":5,"minecraft:chainmail_helmet":1,"minecraft:golden_apple":1,"minecraft:stick":8,"minecraft:oxeye_daisy":1,"minecraft:string":7,"minecraft:acacia_planks":6,"minecraft:stone_sword":1,"minecraft:chicken":1,"minecraft:pumpkin_seeds":5,"minecraft:diamond_chestplate":1,"aether:chainmail_gloves":4,"minecraft:peony":1,"luminousworld:groundpebbles_1":1,"minecraft:andesite":3,"minecraft:oak_sapling":1,"minecraft:spider_eye":5,"minecraft:bow":1},"minecraft:custom":{"minecraft:animals_bred":5,"minecraft:interact_with_crafting_table":37,"minecraft:open_barrel":9,"minecraft:leave_game":10,"minecraft:time_since_death":44079,"minecraft:sprint_one_cm":824015,"minecraft:damage_blocked_by_shield":3891,"minecraft:drop":100,"minecraft:talked_to_villager":9,"minecraft:play_time":276013,"minecraft:deaths":41,"minecraft:jump":6235,"minecraft:interact_with_brewingstand":2,"minecraft:walk_on_water_one_cm":27646,"minecraft:interact_with_furnace":26,"minecraft:interact_with_loom":1,"minecraft:sleep_in_bed":9,"minecraft:damage_dealt":24005,"minecraft:player_kills":1,"minecraft:crouch_one_cm":19906,"tombstone:undead_killed":43,"minecraft:interact_with_smoker":1,"minecraft:interact_with_smithing_table":2,"minecraft:interact_with_anvil":2,"minecraft:mob_kills":120,"minecraft:damage_dealt_resisted":2264,"minecraft:climb_one_cm":827,"minecraft:walk_one_cm":979538,"minecraft:sneak_time":6669,"minecraft:walk_under_water_one_cm":17008,"minecraft:boat_one_cm":152709,"minecraft:total_world_time":276013,"tombstone:raider_killed":25,"minecraft:interact_with_grindstone":1,"minecraft:time_since_rest":11857,"minecraft:damage_taken":16668,"minecraft:damage_absorbed":280,"minecraft:trigger_trapped_chest":3,"minecraft:swim_one_cm":56056,"minecraft:fly_one_cm":1154309,"minecraft:open_chest":158,"minecraft:fall_one_cm":160233},"minecraft:killed":{"illagerinvasion:archivist":4,"born_in_chaos_v1:restless_spirit":3,"minecraft:spider":11,"illagerinvasion:basher":1,"born_in_chaos_v1:scarlet_persecutor":2,"minecraft:skeleton":2,"minecraft:chicken":2,"illagerinvasion:provoker":5,"undead_revamp2:therod":2,"born_in_chaos_v1:supreme_bonescaller_stage_2":1,"illagerinvasion:necromancer":1,"minecraft:pig":8,"minecraft:sheep":8,"luminousworld:savannah_skeleton":2,"minecraft:zombie":7,"born_in_chaos_v1:dread_hound":1,"born_in_chaos_v1:corpse_fly":5,"minecraft:stray":2,"undead_revamp2:theskeeper":1,"iceandfire:pixie":1,"iceandfire:lightning_dragon":1,"born_in_chaos_v1:door_knight":1,"minecraft:evoker":1,"minecraft:vindicator":9,"illagerinvasion:marauder":4,"born_in_chaos_v1:thornshell_crab":1,"born_in_chaos_v1:maggot":3,"luminousworld:savannah_zombie":1,"friendsandfoes:copper_golem":1,"born_in_chaos_v1:fallen_chaos_knight":1,"born_in_chaos_v1:bone_imp_minion":10,"undead_revamp2:the_moonflower":7,"enemyexpansion:sprinter":2,"born_in_chaos_v1:decrepit_skeleton":1,"iceandfire:ghost":3},"minecraft:mined":{"luminousworld:white_petunias":2,"minecraft:spruce_planks":1,"minecraft:white_bed":14,"iceandfire:copper_pile":8,"minecraft:cobblestone_stairs":2,"minecraft:spruce_trapdoor":1,"minecraft:acacia_log":13,"minecraft:grass_block":18,"luminousworld:savanna_grass_2":1,"minecraft:chiseled_stone_bricks":2,"minecraft:spawner":5,"minecraft:weeping_vines_plant":2,"minecraft:iron_ore":13,"iceandfire:crackled_dirt":1,"iceandfire:gold_pile":6,"minecraft:dead_tube_coral":1,"minecraft:iron_block":2,"minecraft:spruce_slab":3,"minecraft:piston_head":2,"luminousworld:birchtreemushrooms":1,"luminousworld:tall_deadbush":2,"iceandfire:podium_acacia":1,"minecraft:chest":2,"supplementaries:wild_flax":1,"minecraft:cobblestone":33,"minecraft:damaged_anvil":1,"minecraft:skeleton_skull":2,"minecraft:chain":2,"minecraft:dark_oak_slab":3,"minecraft:birch_log":13,"minecraft:wheat":13,"minecraft:grass":48,"minecraft:oak_log":19,"minecraft:dirt":9,"luminousworld:grassvariant_3":4,"luminousworld:savannah_grass_4":3,"minecraft:oak_leaves":10,"luminousworld:savannah_ground":3,"luminousworld:groundpebbles_1":1,"iceandfire:silver_ore":3,"minecraft:mossy_cobblestone":1,"luminousworld:grassvariant_4":2,"minecraft:dark_oak_log":15,"iceandfire:crackled_gravel":4,"minecraft:weeping_vines":1,"luminousworld:grassvariant_2":9,"luminousworld:decorative_brown_mushroom_1":1,"minecraft:hay_block":18,"iceandfire:crackled_grass":1,"minecraft:andesite":3,"minecraft:peony":1,"minecraft:bookshelf":79,"minecraft:vine":2,"minecraft:stone":129,"luminousworld:soft_birch_log":4,"luminousworld:savannah_soil":1,"minecraft:acacia_leaves":1,"minecraft:dandelion":1,"minecraft:oak_fence":1,"minecraft:crafting_table":3,"luminousworld:savannah_grass_1":5,"minecraft:tall_grass":15,"minecraft:diorite":2,"supplementaries:urn":2,"minecraft:spruce_stairs":5,"minecraft:birch_planks":2,"naturalist:duckweed":1,"minecraft:birch_leaves":14,"iceandfire:pixie_house_mushroom_red":1,"minecraft:coal_ore":15,"iceandfire:silver_pile":3,"minecraft:polished_andesite":5,"minecraft:stone_bricks":44,"undead_revamp2:arapholia":1}},"DataVersion":3465}