{"stats":{"minecraft:picked_up":{"minecraft:birch_log":7,"minecraft:chicken":2,"minecraft:crafting_table":1,"minecraft:feather":3,"minecraft:acacia_log":4,"minecraft:porkchop":14,"minecraft:oak_log":14,"minecraft:dirt":35,"minecraft:mutton":4,"minecraft:coal":7,"minecraft:white_wool":3,"minecraft:cobblestone":43},"minecraft:custom":{"minecraft:time_since_rest":4852,"minecraft:interact_with_furnace":9,"minecraft:sprint_one_cm":95566,"minecraft:damage_taken":805,"minecraft:walk_one_cm":91352,"minecraft:mob_kills":12,"minecraft:drop":1,"minecraft:damage_dealt":1317,"minecraft:swim_one_cm":15039,"minecraft:interact_with_crafting_table":10,"minecraft:fly_one_cm":153442,"minecraft:open_chest":3,"minecraft:crouch_one_cm":2822,"minecraft:play_time":29035,"minecraft:deaths":2,"minecraft:sneak_time":1166,"minecraft:walk_under_water_one_cm":1204,"minecraft:jump":874,"minecraft:leave_game":3,"minecraft:walk_on_water_one_cm":2341,"minecraft:time_since_death":6206,"minecraft:total_world_time":29035,"minecraft:fall_one_cm":24473},"minecraft:dropped":{"minecraft:stone_sword":1},"minecraft:used":{"minecraft:stone_sword":1,"minecraft:stone_pickaxe":27,"minecraft:wooden_pickaxe":27,"minecraft:stone_axe":6,"minecraft:wooden_sword":40,"minecraft:dirt":4,"minecraft:crafting_table":3,"minecraft:furnace":1,"minecraft:cooked_porkchop":4},"minecraft:killed":{"minecraft:sheep":3,"minecraft:pig":7,"minecraft:chicken":2},"minecraft:killed_by":{"enemyexpansion:sprinter":1,"born_in_chaos_v1:supreme_bonescaller_not_despawn":1},"minecraft:mined":{"minecraft:acacia_leaves":1,"minecraft:birch_log":7,"minecraft:birch_leaves":3,"minecraft:crafting_table":1,"minecraft:grass":16,"minecraft:acacia_log":5,"minecraft:oak_log":11,"minecraft:grass_block":4,"minecraft:coal_ore":7,"minecraft:dirt":3,"minecraft:tall_grass":1,"minecraft:stone":43,"minecraft:oak_leaves":7,"minecraft:spawner":1},"minecraft:crafted":{"minecraft:wooden_sword":3,"minecraft:oak_planks":44,"minecraft:cooked_porkchop":13,"minecraft:crafting_table":3,"minecraft:stick":16,"minecraft:wooden_pickaxe":3,"minecraft:stone_pickaxe":1,"minecraft:stone_sword":2,"minecraft:furnace":1,"minecraft:birch_planks":28,"minecraft:stone_axe":1,"minecraft:air":0}},"DataVersion":3465}