{"stats":{"minecraft:picked_up":{"minecraft:birch_log":13,"born_in_chaos_v1:corpse_maggot":4,"luminousworld:savannah_ground":1,"minecraft:iron_chestplate":1,"minecraft:crafting_table":3,"minecraft:feather":3,"minecraft:chicken":2,"minecraft:flower_pot":1,"born_in_chaos_v1:seedof_chaos":1,"minecraft:wooden_pickaxe":1,"minecraft:birch_planks":2,"minecraft:crimson_fungus":1,"minecraft:oak_log":14,"minecraft:gunpowder":12,"minecraft:dirt":48,"minecraft:string":10,"minecraft:wooden_sword":2,"minecraft:bone":6,"minecraft:bow":2,"minecraft:wheat_seeds":2,"minecraft:stone_pickaxe":1,"born_in_chaos_v1:smoked_flesh":4,"minecraft:rose_bush":1,"tombstone:bag_of_seeds":1,"minecraft:iron_pickaxe":2,"minecraft:chest":2,"minecraft:iron_sword":1,"minecraft:egg":1,"minecraft:dark_oak_slab":2,"born_in_chaos_v1:shattered_skull":1,"minecraft:tipped_arrow":1,"minecraft:stick":2,"minecraft:raw_iron":2,"minecraft:acacia_log":4,"minecraft:dandelion":1,"minecraft:poisonous_potato":1,"minecraft:porkchop":17,"tombstone:grave_dust":1,"minecraft:white_bed":4,"minecraft:dark_oak_log":2,"minecraft:spider_eye":9,"luminousworld:grassflowers":1,"minecraft:arrow":8,"minecraft:rotten_flesh":4,"minecraft:stone_axe":3,"minecraft:diamond_axe":1,"minecraft:emerald":11,"supplementaries:ash":2,"minecraft:oak_sapling":1,"minecraft:black_wool":1,"minecraft:mutton":6,"minecraft:coal":8,"minecraft:white_wool":5,"minecraft:cobblestone":115},"minecraft:custom":{"minecraft:interact_with_furnace":18,"minecraft:mob_kills":45,"minecraft:interact_with_crafting_table":22,"minecraft:open_barrel":2,"minecraft:damage_dealt_resisted":2031,"minecraft:leave_game":5,"minecraft:time_since_death":3311,"minecraft:sleep_in_bed":4,"minecraft:time_since_rest":3236,"minecraft:sprint_one_cm":317722,"minecraft:damage_absorbed":80,"minecraft:damage_taken":7969,"minecraft:walk_one_cm":394041,"minecraft:damage_blocked_by_shield":2285,"minecraft:drop":2,"minecraft:damage_dealt":7265,"minecraft:player_kills":1,"minecraft:swim_one_cm":15039,"minecraft:fly_one_cm":494225,"minecraft:open_chest":39,"minecraft:crouch_one_cm":11921,"minecraft:play_time":100259,"tombstone:undead_killed":17,"minecraft:deaths":24,"minecraft:sneak_time":3728,"minecraft:walk_under_water_one_cm":1204,"minecraft:jump":2569,"minecraft:interact_with_brewingstand":2,"minecraft:walk_on_water_one_cm":2341,"minecraft:total_world_time":100259,"minecraft:fall_one_cm":60816},"minecraft:broken":{"minecraft:wooden_pickaxe":1},"minecraft:dropped":{"minecraft:stone_sword":1,"minecraft:cooked_mutton":6},"minecraft:used":{"tombstone:scroll_of_knowledge":1,"minecraft:stone_sword":5,"minecraft:birch_planks":2,"minecraft:stone_pickaxe":36,"minecraft:oak_planks":1,"minecraft:shield":114,"minecraft:wooden_pickaxe":64,"minecraft:iron_sword":67,"minecraft:diamond_axe":43,"luminousworld:savannah_ground":1,"minecraft:golden_apple":3,"minecraft:dirt":26,"minecraft:crafting_table":4,"minecraft:white_bed":5,"born_in_chaos_v1:corpse_maggot":2,"born_in_chaos_v1:smoked_flesh":4,"minecraft:dark_oak_log":1,"minecraft:iron_pickaxe":111,"minecraft:dark_oak_slab":2,"minecraft:wooden_sword":79,"minecraft:stone_axe":59,"minecraft:cobblestone":39,"minecraft:bow":22,"minecraft:furnace":3,"minecraft:cooked_porkchop":12,"quark:oak_chest":1},"minecraft:killed":{"minecraft:pig":8,"born_in_chaos_v1:bone_imp_minion":10,"minecraft:spider":8,"minecraft:sheep":6,"luminousworld:savannah_skeleton":2,"minecraft:chicken":2,"born_in_chaos_v1:corpse_fly":1,"minecraft:stray":2,"born_in_chaos_v1:supreme_bonescaller_stage_2":1,"born_in_chaos_v1:door_knight":1,"luminousworld:savannah_zombie":1},"minecraft:killed_by":{"enemyexpansion:sprinter":1,"minecraft:player":1,"born_in_chaos_v1:baby_skeleton_minion":1,"minecraft:stray":2,"minecraft:creeper":1,"born_in_chaos_v1:supreme_bonescaller_not_despawn":2,"minecraft:spider":2,"born_in_chaos_v1:supreme_bonescaller_stage_2":2,"born_in_chaos_v1:bone_imp_minion":3,"enemyexpansion:goblin":1,"undead_revamp2:thebeartamer":1,"minecraft:vex":3},"minecraft:mined":{"minecraft:acacia_leaves":1,"minecraft:white_bed":4,"minecraft:dandelion":1,"minecraft:crafting_table":2,"minecraft:acacia_log":5,"minecraft:grass_block":12,"minecraft:chest":2,"luminousworld:grassvariant_2":4,"minecraft:tall_grass":3,"minecraft:cobblestone":11,"minecraft:spawner":5,"minecraft:birch_planks":2,"minecraft:dark_oak_slab":1,"minecraft:birch_log":13,"minecraft:iron_ore":1,"minecraft:birch_leaves":3,"minecraft:grass":32,"minecraft:oak_log":11,"minecraft:coal_ore":8,"minecraft:dirt":8,"luminousworld:grassvariant_3":2,"minecraft:stone":107,"minecraft:oak_leaves":8,"luminousworld:savannah_ground":1},"minecraft:crafted":{"minecraft:wooden_sword":3,"minecraft:oak_planks":44,"minecraft:cooked_porkchop":17,"minecraft:crafting_table":3,"minecraft:wooden_pickaxe":3,"minecraft:iron_sword":5,"minecraft:furnace":3,"minecraft:birch_planks":28,"minecraft:stone_axe":1,"minecraft:cooked_mutton":6,"minecraft:air":0,"minecraft:stick":28,"quark:oak_chest":1,"minecraft:iron_ingot":2,"minecraft:iron_pickaxe":1,"minecraft:stone_pickaxe":1,"minecraft:stone_sword":2,"minecraft:white_bed":1}},"DataVersion":3465}