{"stats":{"minecraft:picked_up":{"minecraft:birch_log":13,"luminousworld:savannah_ground":1,"minecraft:iron_chestplate":1,"minecraft:crafting_table":2,"minecraft:feather":3,"minecraft:chicken":2,"minecraft:birch_planks":2,"minecraft:oak_log":14,"minecraft:dirt":37,"minecraft:string":10,"minecraft:bone":6,"minecraft:bow":2,"minecraft:wheat_seeds":2,"born_in_chaos_v1:smoked_flesh":4,"minecraft:rose_bush":1,"tombstone:bag_of_seeds":1,"minecraft:iron_pickaxe":1,"minecraft:chest":2,"minecraft:egg":1,"minecraft:tipped_arrow":1,"minecraft:stick":2,"minecraft:raw_iron":1,"minecraft:acacia_log":4,"minecraft:dandelion":1,"minecraft:poisonous_potato":1,"minecraft:porkchop":17,"minecraft:white_bed":1,"minecraft:spider_eye":4,"luminousworld:grassflowers":1,"minecraft:arrow":8,"minecraft:rotten_flesh":1,"supplementaries:ash":2,"minecraft:oak_sapling":1,"minecraft:black_wool":1,"minecraft:mutton":6,"minecraft:coal":8,"minecraft:white_wool":5,"minecraft:cobblestone":108},"minecraft:custom":{"minecraft:interact_with_furnace":18,"minecraft:mob_kills":31,"minecraft:interact_with_crafting_table":20,"minecraft:open_barrel":2,"minecraft:damage_dealt_resisted":1042,"minecraft:leave_game":5,"minecraft:time_since_death":4681,"minecraft:sleep_in_bed":3,"minecraft:time_since_rest":3789,"minecraft:sprint_one_cm":262105,"minecraft:damage_absorbed":80,"minecraft:damage_taken":5390,"minecraft:walk_one_cm":272141,"minecraft:drop":2,"minecraft:damage_dealt":4631,"minecraft:swim_one_cm":15039,"minecraft:fly_one_cm":380316,"minecraft:open_chest":18,"minecraft:crouch_one_cm":8334,"minecraft:play_time":76259,"tombstone:undead_killed":5,"minecraft:deaths":16,"minecraft:sneak_time":3124,"minecraft:walk_under_water_one_cm":1204,"minecraft:jump":1988,"minecraft:walk_on_water_one_cm":2341,"minecraft:total_world_time":76259,"minecraft:fall_one_cm":48460},"minecraft:broken":{"minecraft:wooden_pickaxe":1},"minecraft:dropped":{"minecraft:stone_sword":1,"minecraft:cooked_mutton":6},"minecraft:used":{"tombstone:scroll_of_knowledge":1,"minecraft:stone_sword":5,"minecraft:birch_planks":2,"minecraft:stone_pickaxe":36,"minecraft:wooden_pickaxe":64,"minecraft:diamond_axe":43,"luminousworld:savannah_ground":1,"minecraft:golden_apple":3,"minecraft:dirt":16,"minecraft:crafting_table":4,"minecraft:white_bed":2,"minecraft:iron_pickaxe":102,"minecraft:wooden_sword":78,"minecraft:stone_axe":35,"minecraft:cobblestone":37,"minecraft:bow":22,"minecraft:furnace":3,"minecraft:cooked_porkchop":10,"quark:oak_chest":1},"minecraft:killed":{"minecraft:pig":8,"minecraft:spider":8,"minecraft:sheep":6,"luminousworld:savannah_skeleton":2,"minecraft:chicken":2,"minecraft:stray":2,"luminousworld:savannah_zombie":1},"minecraft:killed_by":{"enemyexpansion:sprinter":1,"minecraft:player":1,"born_in_chaos_v1:baby_skeleton_minion":1,"minecraft:stray":2,"born_in_chaos_v1:supreme_bonescaller_not_despawn":2,"minecraft:spider":2,"minecraft:vex":3},"minecraft:mined":{"minecraft:acacia_leaves":1,"minecraft:white_bed":1,"minecraft:dandelion":1,"minecraft:crafting_table":2,"minecraft:acacia_log":5,"minecraft:grass_block":4,"minecraft:chest":2,"luminousworld:grassvariant_2":1,"minecraft:tall_grass":2,"minecraft:cobblestone":4,"minecraft:spawner":3,"minecraft:birch_planks":2,"minecraft:birch_log":13,"minecraft:iron_ore":1,"minecraft:birch_leaves":3,"minecraft:grass":32,"minecraft:oak_log":11,"minecraft:coal_ore":8,"minecraft:dirt":5,"luminousworld:grassvariant_3":2,"minecraft:stone":107,"minecraft:oak_leaves":8,"luminousworld:savannah_ground":1},"minecraft:crafted":{"minecraft:wooden_sword":3,"minecraft:oak_planks":44,"minecraft:cooked_porkchop":17,"minecraft:crafting_table":3,"minecraft:wooden_pickaxe":3,"minecraft:iron_sword":1,"minecraft:furnace":3,"minecraft:birch_planks":28,"minecraft:stone_axe":1,"minecraft:cooked_mutton":6,"minecraft:air":0,"minecraft:stick":16,"quark:oak_chest":1,"minecraft:iron_ingot":2,"minecraft:iron_pickaxe":1,"minecraft:stone_pickaxe":1,"minecraft:stone_sword":2,"minecraft:white_bed":1}},"DataVersion":3465}