{"stats":{"minecraft:picked_up":{"luminousworld:groundpebbles_1":1,"minecraft:crafting_table":3,"minecraft:iron_chestplate":1,"minecraft:wheat":121,"minecraft:chicken":2,"minecraft:flower_pot":1,"born_in_chaos_v1:seedof_chaos":1,"minecraft:wooden_pickaxe":1,"minecraft:enchanted_book":2,"minecraft:chain":4,"minecraft:string":10,"minecraft:wooden_sword":2,"minecraft:item_frame":1,"minecraft:experience_bottle":2,"iceandfire:bestiary":1,"minecraft:rose_bush":1,"minecraft:iron_pickaxe":2,"minecraft:spruce_slab":2,"minecraft:chest":2,"minecraft:egg":1,"minecraft:tipped_arrow":1,"minecraft:stick":2,"minecraft:raw_iron":8,"born_in_chaos_v1:shattered_skull":1,"minecraft:copper_ingot":6,"minecraft:acacia_log":12,"minecraft:spruce_stairs":3,"luminousworld:savannah_soil":1,"minecraft:porkchop":18,"tombstone:grave_dust":2,"minecraft:diorite":2,"luminousworld:grassflowers":2,"minecraft:arrow":10,"minecraft:rotten_flesh":25,"minecraft:hay_block":13,"minecraft:iron_block":2,"born_in_chaos_v1:spiny_shell":4,"luminousworld:tall_deadbush":1,"supplementaries:ash":2,"minecraft:mutton":6,"minecraft:skeleton_skull":1,"minecraft:white_wool":7,"minecraft:cobblestone":133,"minecraft:oxeye_daisy":1,"minecraft:birch_log":13,"born_in_chaos_v1:corpse_maggot":4,"luminousworld:savannah_ground":1,"minecraft:feather":3,"born_in_chaos_v1:monster_flesh":1,"minecraft:andesite":3,"minecraft:birch_planks":2,"minecraft:crimson_fungus":1,"minecraft:oak_log":14,"minecraft:chainmail_chestplate":1,"minecraft:gunpowder":12,"minecraft:dirt":51,"minecraft:lantern":4,"born_in_chaos_v1:monster_skin":9,"minecraft:bone":7,"minecraft:acacia_planks":3,"minecraft:kelp":3,"minecraft:bow":2,"minecraft:wheat_seeds":243,"minecraft:stone_pickaxe":1,"minecraft:iron_ingot":2,"born_in_chaos_v1:smoked_flesh":4,"tombstone:bag_of_seeds":1,"minecraft:iron_sword":1,"minecraft:book":213,"minecraft:dark_oak_slab":4,"minecraft:cooked_porkchop":1,"minecraft:dandelion":1,"minecraft:poisonous_potato":1,"minecraft:white_bed":8,"minecraft:dark_oak_log":17,"minecraft:spider_eye":9,"minecraft:iron_hoe":1,"minecraft:stone_axe":3,"minecraft:writable_book":1,"minecraft:diamond_axe":1,"minecraft:bread":22,"minecraft:emerald":11,"minecraft:melon_seeds":1,"minecraft:oak_sapling":1,"minecraft:black_wool":1,"minecraft:coal":14,"iceandfire:raw_silver":3},"minecraft:custom":{"minecraft:interact_with_smithing_table":2,"minecraft:mob_kills":63,"minecraft:animals_bred":5,"minecraft:interact_with_crafting_table":27,"minecraft:open_barrel":2,"minecraft:damage_dealt_resisted":2031,"minecraft:leave_game":7,"minecraft:time_since_death":43623,"minecraft:climb_one_cm":264,"minecraft:sprint_one_cm":547336,"minecraft:walk_one_cm":612858,"minecraft:damage_blocked_by_shield":2650,"minecraft:drop":52,"minecraft:talked_to_villager":5,"minecraft:play_time":164694,"minecraft:deaths":27,"minecraft:sneak_time":4787,"minecraft:walk_under_water_one_cm":8966,"minecraft:boat_one_cm":152709,"minecraft:jump":3855,"minecraft:interact_with_brewingstand":2,"minecraft:walk_on_water_one_cm":17333,"minecraft:total_world_time":164694,"minecraft:interact_with_furnace":21,"minecraft:interact_with_loom":1,"minecraft:sleep_in_bed":6,"minecraft:time_since_rest":18253,"minecraft:damage_absorbed":80,"minecraft:damage_taken":9611,"minecraft:trigger_trapped_chest":2,"minecraft:damage_dealt":10689,"minecraft:swim_one_cm":32531,"minecraft:fly_one_cm":764763,"minecraft:player_kills":1,"minecraft:open_chest":69,"minecraft:crouch_one_cm":14693,"tombstone:undead_killed":27,"minecraft:interact_with_smoker":1,"minecraft:fall_one_cm":90734},"minecraft:broken":{"minecraft:wooden_pickaxe":1},"minecraft:used":{"minecraft:writable_book":2,"minecraft:stone_sword":5,"minecraft:shield":135,"minecraft:iron_sword":198,"luminousworld:savannah_ground":1,"supplementaries:globe":1,"minecraft:dirt":26,"born_in_chaos_v1:corpse_maggot":4,"born_in_chaos_v1:smoked_flesh":4,"minecraft:dark_oak_slab":2,"minecraft:bow":22,"minecraft:furnace":3,"minecraft:wheat_seeds":1,"minecraft:acacia_boat":1,"tombstone:scroll_of_knowledge":1,"minecraft:birch_planks":2,"minecraft:stone_pickaxe":38,"minecraft:oak_planks":1,"minecraft:wooden_pickaxe":64,"minecraft:diamond_axe":168,"minecraft:golden_apple":3,"minecraft:crafting_table":5,"minecraft:white_bed":7,"minecraft:dark_oak_log":1,"born_in_chaos_v1:monster_flesh":1,"minecraft:chicken":1,"minecraft:bread":23,"minecraft:iron_pickaxe":155,"minecraft:stone_axe":59,"minecraft:wooden_sword":79,"minecraft:cobblestone":39,"minecraft:porkchop":1,"minecraft:cooked_porkchop":12,"quark:oak_chest":1,"minecraft:experience_bottle":2},"minecraft:dropped":{"minecraft:iron_ingot":24,"minecraft:wheat_seeds":5,"minecraft:feather":3,"minecraft:book":149,"minecraft:lantern":1,"born_in_chaos_v1:pileof_dark_metal":1,"minecraft:spruce_stairs":3,"minecraft:stick":8,"minecraft:dirt":3,"minecraft:chain":4,"minecraft:acacia_planks":6,"minecraft:bone":2,"minecraft:stone_sword":1,"minecraft:chicken":1,"minecraft:rotten_flesh":23,"luminousworld:tall_deadbush":1,"minecraft:enchanted_golden_apple":1,"minecraft:cooked_mutton":6,"minecraft:white_bed":1,"luminousworld:grassflowers":1,"born_in_chaos_v1:seedof_chaos":1,"minecraft:skeleton_skull":1,"minecraft:spider_eye":5,"minecraft:spruce_slab":2,"minecraft:bow":1},"minecraft:killed":{"born_in_chaos_v1:restless_spirit":1,"minecraft:spider":9,"born_in_chaos_v1:thornshell_crab":1,"minecraft:chicken":2,"undead_revamp2:therod":2,"born_in_chaos_v1:supreme_bonescaller_stage_2":1,"luminousworld:savannah_zombie":1,"friendsandfoes:copper_golem":1,"minecraft:pig":8,"born_in_chaos_v1:bone_imp_minion":10,"undead_revamp2:the_moonflower":3,"enemyexpansion:sprinter":2,"minecraft:sheep":8,"luminousworld:savannah_skeleton":2,"minecraft:zombie":1,"iceandfire:ghost":2,"born_in_chaos_v1:dread_hound":1,"born_in_chaos_v1:corpse_fly":2,"minecraft:stray":2,"born_in_chaos_v1:door_knight":1},"minecraft:killed_by":{"minecraft:player":1,"born_in_chaos_v1:baby_skeleton_minion":1,"minecraft:stray":2,"minecraft:creeper":1,"minecraft:spider":2,"born_in_chaos_v1:bone_imp_minion":3,"enemyexpansion:goblin":1,"enemyexpansion:sprinter":2,"minecraft:skeleton":1,"born_in_chaos_v1:supreme_bonescaller_not_despawn":2,"minecraft:zombie":1,"born_in_chaos_v1:supreme_bonescaller_stage_2":2,"undead_revamp2:thebeartamer":1,"minecraft:vex":3},"minecraft:mined":{"luminousworld:white_petunias":2,"luminousworld:groundpebbles_1":1,"minecraft:spruce_planks":1,"minecraft:white_bed":7,"iceandfire:silver_ore":3,"minecraft:dark_oak_log":15,"minecraft:spruce_trapdoor":1,"minecraft:acacia_log":13,"minecraft:grass_block":14,"minecraft:weeping_vines":1,"luminousworld:grassvariant_2":8,"luminousworld:savanna_grass_2":1,"minecraft:spawner":5,"minecraft:hay_block":18,"minecraft:weeping_vines_plant":2,"minecraft:iron_ore":7,"minecraft:andesite":3,"minecraft:bookshelf":79,"minecraft:vine":1,"minecraft:dead_tube_coral":1,"minecraft:stone":125,"minecraft:iron_block":2,"minecraft:spruce_slab":3,"luminousworld:savannah_soil":1,"minecraft:acacia_leaves":1,"luminousworld:tall_deadbush":2,"minecraft:dandelion":1,"iceandfire:podium_acacia":1,"minecraft:crafting_table":2,"luminousworld:savannah_grass_1":5,"minecraft:chest":2,"minecraft:tall_grass":14,"minecraft:cobblestone":11,"minecraft:diorite":2,"minecraft:skeleton_skull":2,"minecraft:spruce_stairs":5,"minecraft:chain":2,"minecraft:birch_planks":2,"minecraft:dark_oak_slab":3,"naturalist:duckweed":1,"minecraft:birch_log":13,"minecraft:wheat":5,"minecraft:birch_leaves":3,"minecraft:grass":46,"minecraft:oak_log":11,"minecraft:coal_ore":15,"minecraft:dirt":9,"luminousworld:grassvariant_3":3,"luminousworld:savannah_grass_4":3,"minecraft:oak_leaves":8,"luminousworld:savannah_ground":3,"undead_revamp2:arapholia":1},"minecraft:crafted":{"minecraft:wooden_sword":3,"minecraft:oak_planks":44,"minecraft:furnace":3,"minecraft:cooked_mutton":6,"minecraft:iron_boots":1,"minecraft:stone_pickaxe":1,"minecraft:wheat":64,"minecraft:cooked_porkchop":17,"minecraft:crafting_table":4,"minecraft:wooden_pickaxe":3,"minecraft:iron_helmet":1,"minecraft:iron_sword":5,"minecraft:birch_planks":28,"minecraft:stone_axe":1,"minecraft:acacia_boat":1,"minecraft:air":0,"minecraft:stick":28,"quark:oak_chest":1,"minecraft:iron_pickaxe":1,"minecraft:iron_ingot":2,"minecraft:stone_sword":2,"minecraft:iron_leggings":1,"minecraft:white_bed":1,"minecraft:acacia_planks":12}},"DataVersion":3465}