{"stats":{"minecraft:picked_up":{"minecraft:birch_log":13,"minecraft:crafting_table":2,"minecraft:feather":3,"minecraft:chicken":2,"minecraft:birch_planks":2,"minecraft:oak_log":14,"minecraft:dirt":37,"minecraft:string":10,"minecraft:bone":5,"minecraft:bow":2,"minecraft:wheat_seeds":2,"born_in_chaos_v1:smoked_flesh":4,"minecraft:rose_bush":1,"tombstone:bag_of_seeds":1,"minecraft:chest":2,"minecraft:egg":1,"minecraft:stick":2,"minecraft:raw_iron":1,"minecraft:acacia_log":4,"minecraft:dandelion":1,"minecraft:poisonous_potato":1,"minecraft:porkchop":17,"minecraft:white_bed":1,"minecraft:spider_eye":4,"luminousworld:grassflowers":1,"minecraft:arrow":6,"minecraft:rotten_flesh":1,"supplementaries:ash":2,"minecraft:oak_sapling":1,"minecraft:black_wool":1,"minecraft:mutton":6,"minecraft:coal":8,"minecraft:white_wool":5,"minecraft:cobblestone":73},"minecraft:custom":{"minecraft:interact_with_furnace":18,"minecraft:mob_kills":29,"minecraft:interact_with_crafting_table":20,"minecraft:open_barrel":2,"minecraft:damage_dealt_resisted":724,"minecraft:leave_game":5,"minecraft:time_since_death":365,"minecraft:sleep_in_bed":2,"minecraft:time_since_rest":333,"minecraft:sprint_one_cm":220887,"minecraft:damage_absorbed":80,"minecraft:damage_taken":4215,"minecraft:walk_one_cm":212972,"minecraft:drop":2,"minecraft:damage_dealt":4112,"minecraft:swim_one_cm":15039,"minecraft:fly_one_cm":325970,"minecraft:open_chest":17,"minecraft:crouch_one_cm":7941,"minecraft:play_time":64259,"tombstone:undead_killed":4,"minecraft:deaths":12,"minecraft:sneak_time":3047,"minecraft:walk_under_water_one_cm":1204,"minecraft:jump":1699,"minecraft:walk_on_water_one_cm":2341,"minecraft:total_world_time":64259,"minecraft:fall_one_cm":43292},"minecraft:dropped":{"minecraft:stone_sword":1,"minecraft:cooked_mutton":6},"minecraft:used":{"minecraft:stone_sword":5,"minecraft:birch_planks":2,"minecraft:stone_pickaxe":36,"minecraft:wooden_pickaxe":27,"minecraft:diamond_axe":43,"minecraft:golden_apple":3,"minecraft:dirt":16,"minecraft:crafting_table":4,"minecraft:white_bed":2,"minecraft:iron_pickaxe":30,"minecraft:wooden_sword":78,"minecraft:stone_axe":35,"minecraft:cobblestone":32,"minecraft:bow":22,"minecraft:furnace":3,"minecraft:cooked_porkchop":10,"quark:oak_chest":1},"minecraft:killed":{"minecraft:pig":8,"minecraft:spider":8,"minecraft:sheep":6,"luminousworld:savannah_skeleton":2,"minecraft:chicken":2,"minecraft:stray":1,"luminousworld:savannah_zombie":1},"minecraft:killed_by":{"enemyexpansion:sprinter":1,"minecraft:player":1,"born_in_chaos_v1:baby_skeleton_minion":1,"born_in_chaos_v1:supreme_bonescaller_not_despawn":2,"minecraft:spider":2,"minecraft:vex":3},"minecraft:mined":{"minecraft:acacia_leaves":1,"minecraft:white_bed":1,"minecraft:dandelion":1,"minecraft:crafting_table":2,"minecraft:acacia_log":5,"minecraft:grass_block":4,"minecraft:chest":2,"minecraft:tall_grass":1,"minecraft:cobblestone":2,"minecraft:spawner":3,"minecraft:birch_planks":2,"minecraft:birch_log":13,"minecraft:iron_ore":1,"minecraft:birch_leaves":3,"minecraft:grass":24,"minecraft:oak_log":11,"minecraft:coal_ore":8,"minecraft:dirt":5,"luminousworld:grassvariant_3":2,"minecraft:stone":71,"minecraft:oak_leaves":8},"minecraft:crafted":{"minecraft:wooden_sword":3,"minecraft:oak_planks":44,"minecraft:cooked_porkchop":17,"minecraft:crafting_table":3,"minecraft:wooden_pickaxe":3,"minecraft:iron_sword":1,"minecraft:furnace":3,"minecraft:birch_planks":28,"minecraft:stone_axe":1,"minecraft:cooked_mutton":6,"minecraft:air":0,"minecraft:stick":16,"quark:oak_chest":1,"minecraft:iron_ingot":2,"minecraft:iron_pickaxe":1,"minecraft:stone_pickaxe":1,"minecraft:stone_sword":2,"minecraft:white_bed":1}},"DataVersion":3465}