{"stats":{"minecraft:mined":{"minecraft:grass":3,"minecraft:grass_block":2,"minecraft:birch_leaves":1,"minecraft:oak_leaves":2},"minecraft:picked_up":{"minecraft:dirt":2},"minecraft:custom":{"minecraft:jump":114,"minecraft:time_since_rest":2083,"minecraft:leave_game":1,"minecraft:damage_dealt":30,"minecraft:crouch_one_cm":159,"minecraft:sprint_one_cm":12227,"minecraft:play_time":2083,"minecraft:damage_taken":175,"minecraft:time_since_death":2083,"minecraft:walk_one_cm":2399,"minecraft:sneak_time":94,"minecraft:total_world_time":2083,"minecraft:fall_one_cm":4927,"minecraft:fly_one_cm":26556}},"DataVersion":3465}