{"stats":{"minecraft:picked_up":{"minecraft:crafting_table":3,"minecraft:iron_chestplate":1,"minecraft:chicken":2,"minecraft:flower_pot":1,"born_in_chaos_v1:seedof_chaos":1,"minecraft:wooden_pickaxe":1,"minecraft:chain":4,"minecraft:string":10,"minecraft:wooden_sword":2,"minecraft:rose_bush":1,"minecraft:iron_pickaxe":2,"minecraft:spruce_slab":2,"minecraft:chest":2,"minecraft:egg":1,"minecraft:tipped_arrow":1,"minecraft:stick":2,"minecraft:raw_iron":2,"born_in_chaos_v1:shattered_skull":1,"minecraft:acacia_log":4,"minecraft:spruce_stairs":3,"minecraft:porkchop":18,"tombstone:grave_dust":2,"luminousworld:grassflowers":2,"minecraft:arrow":8,"minecraft:rotten_flesh":10,"minecraft:iron_block":2,"supplementaries:ash":2,"minecraft:mutton":6,"minecraft:skeleton_skull":1,"minecraft:white_wool":5,"minecraft:cobblestone":115,"minecraft:birch_log":13,"born_in_chaos_v1:corpse_maggot":4,"luminousworld:savannah_ground":1,"minecraft:feather":3,"born_in_chaos_v1:monster_flesh":1,"minecraft:birch_planks":2,"minecraft:crimson_fungus":1,"minecraft:oak_log":14,"minecraft:gunpowder":12,"minecraft:dirt":51,"minecraft:lantern":4,"born_in_chaos_v1:monster_skin":9,"minecraft:bone":6,"minecraft:bow":2,"minecraft:wheat_seeds":6,"minecraft:stone_pickaxe":1,"born_in_chaos_v1:smoked_flesh":4,"tombstone:bag_of_seeds":1,"minecraft:iron_sword":1,"minecraft:book":213,"minecraft:dark_oak_slab":4,"minecraft:dandelion":1,"minecraft:poisonous_potato":1,"minecraft:white_bed":6,"minecraft:dark_oak_log":17,"minecraft:spider_eye":9,"minecraft:iron_hoe":1,"minecraft:stone_axe":3,"minecraft:diamond_axe":1,"minecraft:emerald":11,"minecraft:oak_sapling":1,"minecraft:black_wool":1,"minecraft:coal":8},"minecraft:custom":{"minecraft:mob_kills":51,"minecraft:interact_with_crafting_table":24,"minecraft:open_barrel":2,"minecraft:damage_dealt_resisted":2031,"minecraft:leave_game":6,"minecraft:time_since_death":9810,"minecraft:sprint_one_cm":342615,"minecraft:walk_one_cm":454675,"minecraft:damage_blocked_by_shield":2550,"minecraft:drop":29,"minecraft:play_time":117466,"minecraft:deaths":26,"minecraft:sneak_time":4005,"minecraft:walk_under_water_one_cm":1422,"minecraft:boat_one_cm":9233,"minecraft:jump":2793,"minecraft:interact_with_brewingstand":2,"minecraft:walk_on_water_one_cm":2667,"minecraft:total_world_time":117466,"minecraft:interact_with_furnace":18,"minecraft:sleep_in_bed":4,"minecraft:time_since_rest":9561,"minecraft:damage_taken":8607,"minecraft:damage_absorbed":80,"minecraft:damage_dealt":8572,"minecraft:swim_one_cm":19111,"minecraft:fly_one_cm":538622,"minecraft:player_kills":1,"minecraft:open_chest":48,"minecraft:crouch_one_cm":12805,"tombstone:undead_killed":22,"minecraft:fall_one_cm":69625},"minecraft:broken":{"minecraft:wooden_pickaxe":1},"minecraft:dropped":{"minecraft:wheat_seeds":5,"minecraft:feather":3,"minecraft:book":149,"minecraft:lantern":1,"born_in_chaos_v1:pileof_dark_metal":1,"minecraft:spruce_stairs":3,"minecraft:dirt":3,"minecraft:chain":4,"minecraft:stone_sword":1,"minecraft:rotten_flesh":3,"minecraft:enchanted_golden_apple":1,"minecraft:cooked_mutton":6,"luminousworld:grassflowers":1,"born_in_chaos_v1:seedof_chaos":1,"minecraft:skeleton_skull":1,"minecraft:spider_eye":5,"minecraft:spruce_slab":2},"minecraft:used":{"minecraft:stone_sword":5,"minecraft:shield":127,"minecraft:iron_sword":126,"luminousworld:savannah_ground":1,"minecraft:dirt":26,"born_in_chaos_v1:corpse_maggot":4,"born_in_chaos_v1:smoked_flesh":4,"minecraft:dark_oak_slab":2,"minecraft:bow":22,"minecraft:furnace":3,"tombstone:scroll_of_knowledge":1,"minecraft:birch_planks":2,"minecraft:stone_pickaxe":38,"minecraft:oak_planks":1,"minecraft:wooden_pickaxe":64,"minecraft:diamond_axe":146,"minecraft:golden_apple":3,"minecraft:crafting_table":4,"minecraft:white_bed":6,"minecraft:dark_oak_log":1,"born_in_chaos_v1:monster_flesh":1,"minecraft:chicken":1,"minecraft:bread":1,"minecraft:iron_pickaxe":115,"minecraft:stone_axe":59,"minecraft:wooden_sword":79,"minecraft:cobblestone":39,"minecraft:porkchop":1,"minecraft:cooked_porkchop":12,"quark:oak_chest":1},"minecraft:killed":{"minecraft:spider":8,"minecraft:chicken":2,"born_in_chaos_v1:supreme_bonescaller_stage_2":1,"luminousworld:savannah_zombie":1,"minecraft:pig":8,"born_in_chaos_v1:bone_imp_minion":10,"undead_revamp2:the_moonflower":3,"enemyexpansion:sprinter":1,"minecraft:sheep":6,"luminousworld:savannah_skeleton":2,"minecraft:zombie":1,"born_in_chaos_v1:dread_hound":1,"born_in_chaos_v1:corpse_fly":1,"minecraft:stray":2,"born_in_chaos_v1:door_knight":1},"minecraft:killed_by":{"minecraft:player":1,"born_in_chaos_v1:baby_skeleton_minion":1,"minecraft:stray":2,"minecraft:creeper":1,"minecraft:spider":2,"born_in_chaos_v1:bone_imp_minion":3,"enemyexpansion:goblin":1,"enemyexpansion:sprinter":2,"born_in_chaos_v1:supreme_bonescaller_not_despawn":2,"minecraft:zombie":1,"born_in_chaos_v1:supreme_bonescaller_stage_2":2,"undead_revamp2:thebeartamer":1,"minecraft:vex":3},"minecraft:mined":{"luminousworld:white_petunias":2,"minecraft:white_bed":6,"minecraft:dark_oak_log":15,"minecraft:spruce_trapdoor":1,"minecraft:acacia_log":5,"minecraft:grass_block":14,"minecraft:weeping_vines":1,"luminousworld:grassvariant_2":6,"minecraft:spawner":5,"minecraft:weeping_vines_plant":2,"minecraft:iron_ore":1,"minecraft:bookshelf":79,"minecraft:dead_tube_coral":1,"minecraft:stone":107,"minecraft:iron_block":2,"minecraft:spruce_slab":2,"minecraft:acacia_leaves":1,"minecraft:dandelion":1,"minecraft:crafting_table":2,"minecraft:chest":2,"minecraft:tall_grass":9,"minecraft:cobblestone":11,"minecraft:skeleton_skull":2,"minecraft:spruce_stairs":3,"minecraft:chain":2,"minecraft:birch_planks":2,"minecraft:dark_oak_slab":3,"minecraft:birch_log":13,"minecraft:birch_leaves":3,"minecraft:grass":45,"minecraft:oak_log":11,"minecraft:coal_ore":8,"minecraft:dirt":9,"luminousworld:grassvariant_3":3,"minecraft:oak_leaves":8,"luminousworld:savannah_ground":1,"undead_revamp2:arapholia":1},"minecraft:crafted":{"minecraft:wooden_sword":3,"minecraft:oak_planks":44,"minecraft:furnace":3,"minecraft:cooked_mutton":6,"minecraft:stone_pickaxe":1,"minecraft:cooked_porkchop":17,"minecraft:crafting_table":3,"minecraft:wooden_pickaxe":3,"minecraft:iron_sword":5,"minecraft:birch_planks":28,"minecraft:stone_axe":1,"minecraft:air":0,"minecraft:stick":28,"quark:oak_chest":1,"minecraft:iron_pickaxe":1,"minecraft:iron_ingot":2,"minecraft:stone_sword":2,"minecraft:white_bed":1}},"DataVersion":3465}