{"stats":{"minecraft:picked_up":{"minecraft:birch_log":13,"minecraft:crafting_table":2,"minecraft:feather":3,"minecraft:chicken":2,"minecraft:birch_planks":2,"minecraft:oak_log":14,"minecraft:dirt":35,"minecraft:bone":2,"minecraft:bow":1,"minecraft:wheat_seeds":1,"minecraft:egg":1,"minecraft:stick":2,"minecraft:acacia_log":4,"minecraft:dandelion":1,"minecraft:porkchop":17,"minecraft:white_bed":1,"minecraft:arrow":2,"supplementaries:ash":2,"minecraft:oak_sapling":1,"minecraft:black_wool":1,"minecraft:mutton":6,"minecraft:coal":8,"minecraft:white_wool":5,"minecraft:cobblestone":44},"minecraft:custom":{"minecraft:interact_with_furnace":17,"minecraft:mob_kills":19,"minecraft:interact_with_crafting_table":16,"minecraft:open_barrel":2,"minecraft:leave_game":3,"minecraft:time_since_death":252,"minecraft:sleep_in_bed":1,"minecraft:time_since_rest":1,"minecraft:sprint_one_cm":137964,"minecraft:damage_taken":1185,"minecraft:walk_one_cm":114871,"minecraft:drop":2,"minecraft:damage_dealt":2284,"minecraft:swim_one_cm":15039,"minecraft:fly_one_cm":213165,"minecraft:open_chest":5,"minecraft:crouch_one_cm":3508,"minecraft:play_time":41035,"tombstone:undead_killed":3,"minecraft:deaths":3,"minecraft:sneak_time":1387,"minecraft:walk_under_water_one_cm":1204,"minecraft:jump":1126,"minecraft:walk_on_water_one_cm":2341,"minecraft:total_world_time":41035,"minecraft:fall_one_cm":30571},"minecraft:dropped":{"minecraft:stone_sword":1,"minecraft:cooked_mutton":6},"minecraft:used":{"minecraft:stone_sword":1,"minecraft:birch_planks":2,"minecraft:stone_pickaxe":32,"minecraft:wooden_pickaxe":27,"minecraft:dirt":4,"minecraft:crafting_table":4,"minecraft:white_bed":2,"minecraft:stone_axe":35,"minecraft:wooden_sword":55,"minecraft:furnace":3,"minecraft:cooked_porkchop":8,"quark:oak_chest":1},"minecraft:killed":{"minecraft:pig":8,"minecraft:sheep":6,"luminousworld:savannah_skeleton":2,"minecraft:chicken":2,"luminousworld:savannah_zombie":1},"minecraft:killed_by":{"enemyexpansion:sprinter":1,"born_in_chaos_v1:supreme_bonescaller_not_despawn":1,"minecraft:spider":1},"minecraft:mined":{"minecraft:acacia_leaves":1,"minecraft:white_bed":1,"minecraft:dandelion":1,"minecraft:crafting_table":2,"minecraft:acacia_log":5,"minecraft:grass_block":4,"minecraft:tall_grass":1,"minecraft:spawner":3,"minecraft:birch_planks":2,"minecraft:birch_log":13,"minecraft:birch_leaves":3,"minecraft:grass":23,"minecraft:coal_ore":8,"minecraft:oak_log":11,"minecraft:dirt":3,"minecraft:stone":44,"minecraft:oak_leaves":7},"minecraft:crafted":{"minecraft:wooden_sword":3,"minecraft:oak_planks":44,"minecraft:cooked_porkchop":17,"minecraft:crafting_table":3,"minecraft:wooden_pickaxe":3,"minecraft:iron_sword":1,"minecraft:furnace":3,"minecraft:birch_planks":28,"minecraft:stone_axe":1,"minecraft:cooked_mutton":6,"minecraft:air":0,"minecraft:stick":16,"quark:oak_chest":1,"minecraft:iron_ingot":2,"minecraft:stone_pickaxe":1,"minecraft:stone_sword":2,"minecraft:white_bed":1}},"DataVersion":3465}