{"stats":{"minecraft:picked_up":{"born_in_chaos_v1:corpse_maggot":2,"minecraft:crafting_table":2,"luminousworld:savannah_ground":4,"minecraft:oak_log":15,"minecraft:shield":1,"minecraft:string":1,"minecraft:dirt":80,"minecraft:raw_copper":3,"minecraft:cooked_mutton":6,"minecraft:bone":9,"minecraft:kelp":1,"minecraft:wheat_seeds":4,"minecraft:stick":1,"minecraft:raw_iron":12,"born_in_chaos_v1:shattered_skull":1,"minecraft:acacia_log":16,"minecraft:porkchop":2,"minecraft:barrel":1,"minecraft:prismarine_crystals":5,"minecraft:dark_oak_log":4,"minecraft:stone_sword":1,"luminousworld:grassflowers":1,"minecraft:arrow":3,"minecraft:rotten_flesh":3,"minecraft:tropical_fish":1,"minecraft:oak_sapling":1,"minecraft:coal":24,"minecraft:cobblestone":51},"minecraft:custom":{"minecraft:interact_with_furnace":13,"minecraft:mob_kills":10,"minecraft:interact_with_crafting_table":19,"minecraft:open_barrel":3,"minecraft:damage_dealt_resisted":421,"minecraft:leave_game":6,"minecraft:time_since_death":2324,"minecraft:sleep_in_bed":1,"minecraft:time_since_rest":1927,"minecraft:sprint_one_cm":286550,"minecraft:damage_taken":5330,"minecraft:walk_one_cm":120289,"minecraft:drop":1,"minecraft:damage_dealt":2754,"minecraft:swim_one_cm":2994,"minecraft:fly_one_cm":398066,"minecraft:player_kills":1,"minecraft:open_chest":22,"minecraft:crouch_one_cm":30941,"minecraft:play_time":69402,"tombstone:undead_killed":6,"minecraft:deaths":19,"minecraft:sneak_time":10558,"minecraft:walk_under_water_one_cm":21,"minecraft:jump":1793,"minecraft:walk_on_water_one_cm":1164,"minecraft:total_world_time":69402,"minecraft:fall_one_cm":35655},"minecraft:dropped":{"luminousworld:grassflowers":1},"minecraft:used":{"minecraft:cooked_mutton":2,"minecraft:stone_sword":56,"minecraft:stone_pickaxe":48,"minecraft:oak_planks":5,"minecraft:wooden_pickaxe":77,"minecraft:iron_sword":36,"luminousworld:savannah_ground":1,"minecraft:rotten_flesh":2,"minecraft:dirt":42,"minecraft:crafting_table":7,"minecraft:bread":2,"minecraft:barrel":1,"minecraft:wooden_sword":115,"minecraft:cobblestone":21,"minecraft:oak_sapling":1,"minecraft:cooked_porkchop":2,"tombstone:gift":2},"minecraft:killed":{"born_in_chaos_v1:barrel_zombie":1,"minecraft:vex":1,"minecraft:pig":1,"born_in_chaos_v1:bone_imp_minion":2,"born_in_chaos_v1:skeleton_thrasher_not_despawn":1,"enemyexpansion:direwolf":1,"minecraft:zombie":1,"born_in_chaos_v1:corpse_fly":1,"minecraft:stray":1},"minecraft:killed_by":{"minecraft:player":1,"minecraft:skeleton":1,"minecraft:stray":2,"minecraft:spider":2,"born_in_chaos_v1:supreme_bonescaller_stage_2":1,"born_in_chaos_v1:bone_imp_minion":3,"minecraft:vex":8},"minecraft:mined":{"luminousworld:grassvariant_4":2,"minecraft:crafting_table":2,"minecraft:acacia_log":18,"minecraft:grass_block":76,"minecraft:rose_bush":1,"luminousworld:grassvariant_2":2,"luminousworld:grassflowers":1,"minecraft:tall_grass":5,"minecraft:copper_ore":1,"minecraft:cobblestone":3,"minecraft:spawner":4,"minecraft:weeping_vines_plant":2,"minecraft:iron_ore":12,"minecraft:grass":12,"minecraft:oak_log":15,"minecraft:coal_ore":29,"minecraft:dirt":6,"luminousworld:grassvariant_3":2,"minecraft:stone":49,"luminousworld:savannah_grass_4":1,"minecraft:oak_leaves":18,"luminousworld:savannah_ground":3},"minecraft:crafted":{"minecraft:wooden_sword":3,"minecraft:oak_planks":52,"minecraft:cooked_porkchop":2,"minecraft:crafting_table":6,"minecraft:wooden_pickaxe":5,"minecraft:iron_sword":2,"minecraft:air":0,"minecraft:stick":36,"minecraft:iron_ingot":8,"minecraft:stone_pickaxe":3,"minecraft:acacia_planks":76,"minecraft:dark_oak_planks":8}},"DataVersion":3465}