{"stats":{"minecraft:picked_up":{"minecraft:crafting_table":1,"luminousworld:savannah_ground":3,"minecraft:oak_log":8,"minecraft:string":1,"minecraft:dirt":70,"minecraft:raw_copper":3,"minecraft:cooked_mutton":6,"minecraft:bone":4,"minecraft:kelp":1,"minecraft:wheat_seeds":2,"minecraft:stick":1,"minecraft:raw_iron":12,"minecraft:acacia_log":16,"minecraft:porkchop":2,"minecraft:dark_oak_log":2,"minecraft:barrel":1,"minecraft:prismarine_crystals":5,"minecraft:stone_sword":1,"luminousworld:grassflowers":1,"minecraft:arrow":3,"minecraft:rotten_flesh":3,"minecraft:tropical_fish":1,"minecraft:coal":24,"minecraft:cobblestone":41},"minecraft:custom":{"minecraft:interact_with_furnace":13,"minecraft:mob_kills":5,"minecraft:interact_with_crafting_table":12,"minecraft:open_barrel":3,"minecraft:damage_dealt_resisted":8,"minecraft:leave_game":4,"minecraft:time_since_death":843,"minecraft:sleep_in_bed":1,"minecraft:time_since_rest":1,"minecraft:sprint_one_cm":191760,"minecraft:damage_taken":3325,"minecraft:walk_one_cm":65740,"minecraft:drop":1,"minecraft:damage_dealt":1444,"minecraft:swim_one_cm":2994,"minecraft:fly_one_cm":276947,"minecraft:player_kills":1,"minecraft:open_chest":8,"minecraft:crouch_one_cm":21918,"minecraft:play_time":48339,"tombstone:undead_killed":3,"minecraft:deaths":12,"minecraft:sneak_time":7561,"minecraft:walk_under_water_one_cm":21,"minecraft:jump":1307,"minecraft:walk_on_water_one_cm":1164,"minecraft:total_world_time":48339,"minecraft:fall_one_cm":24638},"minecraft:dropped":{"luminousworld:grassflowers":1},"minecraft:used":{"minecraft:cooked_mutton":2,"minecraft:stone_sword":10,"minecraft:stone_pickaxe":44,"minecraft:oak_planks":2,"minecraft:wooden_pickaxe":50,"minecraft:iron_sword":36,"minecraft:rotten_flesh":1,"minecraft:dirt":39,"minecraft:crafting_table":5,"minecraft:bread":2,"minecraft:barrel":1,"minecraft:wooden_sword":47,"minecraft:cobblestone":14,"minecraft:cooked_porkchop":2,"tombstone:gift":2},"minecraft:killed":{"born_in_chaos_v1:barrel_zombie":1,"minecraft:pig":1,"enemyexpansion:direwolf":1,"minecraft:zombie":1,"minecraft:stray":1},"minecraft:killed_by":{"minecraft:skeleton":1,"minecraft:stray":2,"minecraft:spider":2,"born_in_chaos_v1:bone_imp_minion":1,"minecraft:vex":6},"minecraft:mined":{"minecraft:crafting_table":1,"minecraft:acacia_log":18,"minecraft:grass_block":65,"minecraft:rose_bush":1,"luminousworld:grassflowers":1,"minecraft:tall_grass":2,"minecraft:copper_ore":1,"minecraft:spawner":3,"minecraft:weeping_vines_plant":2,"minecraft:iron_ore":12,"minecraft:grass":9,"minecraft:oak_log":8,"minecraft:coal_ore":29,"minecraft:dirt":6,"minecraft:stone":42,"minecraft:oak_leaves":2,"luminousworld:savannah_ground":3},"minecraft:crafted":{"minecraft:wooden_sword":1,"minecraft:oak_planks":24,"minecraft:cooked_porkchop":2,"minecraft:crafting_table":4,"minecraft:wooden_pickaxe":3,"minecraft:iron_sword":2,"minecraft:air":0,"minecraft:stick":20,"minecraft:iron_ingot":8,"minecraft:stone_pickaxe":2,"minecraft:acacia_planks":64}},"DataVersion":3465}