{"stats":{"minecraft:picked_up":{"minecraft:crafting_table":2,"minecraft:wheat":108,"minecraft:chainmail_boots":1,"minecraft:flower_pot":1,"minecraft:wooden_pickaxe":1,"minecraft:enchanted_book":4,"tombstone:grave_key":1,"minecraft:shield":1,"minecraft:string":3,"minecraft:raw_copper":3,"minecraft:enchanted_golden_apple":1,"minecraft:chest":3,"minecraft:stick":2,"minecraft:raw_iron":12,"born_in_chaos_v1:shattered_skull":1,"ecologics:coconut_slice":4,"minecraft:acacia_log":16,"minecraft:porkchop":3,"tombstone:grave_dust":2,"minecraft:prismarine_crystals":5,"luminousworld:grassflowers":3,"minecraft:stone_sword":2,"minecraft:arrow":12,"minecraft:rotten_flesh":6,"minecraft:tropical_fish":1,"minecraft:beetroot_seeds":2,"quark:acacia_chest":2,"supplementaries:ash":5,"minecraft:skeleton_skull":6,"minecraft:cobblestone":51,"minecraft:birch_log":6,"born_in_chaos_v1:corpse_maggot":4,"luminousworld:savannah_ground":4,"minecraft:feather":6,"minecraft:red_mushroom":3,"minecraft:birch_planks":6,"minecraft:crimson_fungus":3,"minecraft:oak_log":18,"supplementaries:flax_seeds":4,"minecraft:dirt":151,"minecraft:paper":1,"tombstone:gift":2,"born_in_chaos_v1:monster_skin":9,"minecraft:cooked_mutton":6,"minecraft:bone":14,"minecraft:acacia_planks":7,"minecraft:kelp":1,"minecraft:wheat_seeds":236,"mowziesmobs:foliaath_seed":1,"minecraft:stone_pickaxe":1,"minecraft:iron_ingot":15,"minecraft:iron_sword":4,"minecraft:oak_planks":2,"minecraft:book":325,"born_in_chaos_v1:orbofthe_summoner":2,"tombstone:scroll_of_feather_fall":1,"minecraft:torchflower_seeds":3,"alexsmobs:animal_dictionary":1,"minecraft:white_bed":1,"minecraft:barrel":1,"minecraft:dark_oak_log":10,"minecraft:diamond":1,"minecraft:emerald":19,"minecraft:oak_sapling":1,"minecraft:light_gray_carpet":5,"minecraft:melon_seeds":2,"minecraft:coal":24,"minecraft:ender_pearl":1},"minecraft:custom":{"minecraft:mob_kills":18,"minecraft:interact_with_crafting_table":27,"minecraft:open_barrel":3,"minecraft:damage_dealt_resisted":1190,"minecraft:leave_game":7,"minecraft:time_since_death":35839,"minecraft:sprint_one_cm":437990,"minecraft:walk_one_cm":232991,"minecraft:drop":25,"minecraft:play_time":113562,"minecraft:deaths":22,"minecraft:sneak_time":11730,"minecraft:walk_under_water_one_cm":420,"minecraft:boat_one_cm":80123,"minecraft:jump":2645,"minecraft:walk_on_water_one_cm":2591,"minecraft:total_world_time":113562,"minecraft:interact_with_furnace":21,"minecraft:sleep_in_bed":3,"minecraft:time_since_rest":12487,"minecraft:damage_taken":6487,"minecraft:damage_dealt":4755,"minecraft:swim_one_cm":6745,"minecraft:fly_one_cm":583330,"minecraft:player_kills":1,"minecraft:open_chest":54,"minecraft:crouch_one_cm":34978,"tombstone:undead_killed":11,"minecraft:interact_with_smoker":2,"minecraft:fall_one_cm":61012},"minecraft:used":{"minecraft:stone_sword":56,"minecraft:iron_sword":156,"luminousworld:savannah_ground":1,"minecraft:rotten_flesh":5,"minecraft:dirt":55,"minecraft:melon_seeds":2,"minecraft:barrel":1,"minecraft:oak_sapling":1,"minecraft:beetroot_seeds":2,"tombstone:gift":7,"minecraft:wheat_seeds":43,"minecraft:cooked_mutton":2,"minecraft:stone_pickaxe":49,"minecraft:oak_planks":5,"minecraft:wooden_pickaxe":77,"minecraft:crafting_table":10,"quark:acacia_chest":2,"minecraft:white_bed":1,"minecraft:pumpkin_seeds":1,"tombstone:bag_of_seeds":2,"minecraft:bread":8,"supplementaries:flax_seeds":2,"minecraft:stone_axe":2,"ecologics:coconut_slice":1,"minecraft:wooden_sword":115,"minecraft:cobblestone":21,"minecraft:cooked_porkchop":7,"quark:oak_chest":1,"minecraft:oak_boat":1},"minecraft:dropped":{"minecraft:iron_sword":1,"minecraft:porkchop":1,"minecraft:birch_planks":6,"minecraft:wheat_seeds":2,"minecraft:oak_log":3,"mowziesmobs:foliaath_seed":1,"minecraft:cobblestone":42,"minecraft:red_mushroom":1,"minecraft:dirt":29,"minecraft:dark_oak_log":3,"born_in_chaos_v1:monster_skin":9,"tombstone:grave_dust":1,"minecraft:acacia_planks":7,"minecraft:crimson_fungus":1,"minecraft:stone_sword":1,"minecraft:torchflower_seeds":3,"supplementaries:ash":3,"luminousworld:grassflowers":4,"born_in_chaos_v1:corpse_maggot":2,"minecraft:chest":1,"minecraft:wooden_pickaxe":1},"minecraft:killed":{"minecraft:vex":1,"born_in_chaos_v1:skeleton_thrasher_not_despawn":1,"enemyexpansion:direwolf":1,"born_in_chaos_v1:maggot":1,"minecraft:skeleton":1,"born_in_chaos_v1:barrel_zombie":1,"minecraft:pig":2,"born_in_chaos_v1:bone_imp_minion":5,"minecraft:zombie":2,"born_in_chaos_v1:corpse_fly":2,"minecraft:stray":1},"minecraft:killed_by":{"minecraft:player":1,"minecraft:stray":2,"minecraft:spider":2,"born_in_chaos_v1:bone_imp_minion":3,"born_in_chaos_v1:corpse_fly":1,"minecraft:skeleton":1,"born_in_chaos_v1:supreme_bonescaller_stage_2":2,"undead_revamp2:thebeartamer":1,"minecraft:vex":8},"minecraft:mined":{"minecraft:white_bed":1,"luminousworld:grassvariant_4":2,"minecraft:acacia_log":18,"minecraft:grass_block":76,"luminousworld:grassvariant_2":4,"quark:acacia_chest":2,"minecraft:spawner":4,"minecraft:weeping_vines_plant":3,"minecraft:iron_ore":12,"minecraft:stone":49,"minecraft:crafting_table":2,"minecraft:rose_bush":1,"luminousworld:grassflowers":2,"minecraft:tall_grass":5,"minecraft:copper_ore":1,"minecraft:cobblestone":3,"minecraft:skeleton_skull":1,"minecraft:wheat":53,"minecraft:grass":19,"minecraft:oak_log":15,"minecraft:coal_ore":29,"minecraft:dirt":19,"luminousworld:grassvariant_3":2,"minecraft:cobweb":4,"luminousworld:savannah_grass_4":1,"minecraft:oak_leaves":18,"luminousworld:savannah_ground":3},"minecraft:crafted":{"minecraft:wooden_sword":3,"minecraft:oak_planks":64,"minecraft:iron_boots":1,"minecraft:stone_pickaxe":3,"minecraft:dark_oak_planks":8,"minecraft:cooked_porkchop":2,"minecraft:crafting_table":10,"minecraft:wooden_pickaxe":5,"minecraft:iron_sword":3,"minecraft:birch_planks":24,"minecraft:bread":31,"minecraft:air":0,"minecraft:oak_boat":1,"minecraft:stick":44,"quark:oak_chest":1,"minecraft:iron_ingot":11,"minecraft:iron_pickaxe":1,"minecraft:acacia_planks":76}},"DataVersion":3465}