{"stats":{"minecraft:picked_up":{"minecraft:stick":1,"minecraft:crafting_table":1,"minecraft:raw_iron":4,"minecraft:acacia_log":9,"minecraft:porkchop":2,"minecraft:oak_log":8,"minecraft:string":1,"minecraft:cooked_mutton":6,"minecraft:raw_copper":3,"minecraft:barrel":1,"minecraft:prismarine_crystals":5,"minecraft:dirt":7,"minecraft:rotten_flesh":1,"minecraft:bone":3,"minecraft:stone_sword":1,"minecraft:arrow":2,"minecraft:kelp":1,"minecraft:tropical_fish":1,"minecraft:coal":24,"minecraft:cobblestone":31},"minecraft:custom":{"minecraft:time_since_rest":1193,"minecraft:interact_with_furnace":7,"minecraft:sprint_one_cm":115903,"minecraft:damage_taken":1545,"minecraft:walk_one_cm":41065,"minecraft:mob_kills":4,"minecraft:damage_dealt":1100,"minecraft:open_barrel":3,"minecraft:swim_one_cm":2994,"minecraft:interact_with_crafting_table":6,"minecraft:fly_one_cm":161178,"minecraft:open_chest":3,"tombstone:undead_killed":2,"minecraft:play_time":28769,"minecraft:crouch_one_cm":7209,"minecraft:deaths":5,"minecraft:sneak_time":3267,"minecraft:walk_under_water_one_cm":21,"minecraft:jump":798,"minecraft:damage_dealt_resisted":8,"minecraft:leave_game":2,"minecraft:walk_on_water_one_cm":1164,"minecraft:time_since_death":1360,"minecraft:total_world_time":28769,"minecraft:fall_one_cm":13806},"minecraft:used":{"minecraft:cooked_mutton":2,"minecraft:stone_sword":10,"minecraft:stone_pickaxe":28,"minecraft:bread":2,"minecraft:oak_planks":2,"minecraft:wooden_pickaxe":44,"minecraft:iron_sword":27,"minecraft:barrel":1,"minecraft:rotten_flesh":1,"minecraft:wooden_sword":43,"minecraft:dirt":3,"minecraft:cobblestone":14,"minecraft:crafting_table":4,"minecraft:cooked_porkchop":2,"tombstone:gift":2},"minecraft:killed":{"born_in_chaos_v1:barrel_zombie":1,"minecraft:zombie":1,"minecraft:pig":1,"enemyexpansion:direwolf":1},"minecraft:killed_by":{"born_in_chaos_v1:bone_imp_minion":1,"minecraft:stray":1,"minecraft:skeleton":1,"minecraft:spider":1,"minecraft:vex":1},"minecraft:mined":{"minecraft:weeping_vines_plant":1,"minecraft:iron_ore":4,"minecraft:crafting_table":1,"minecraft:grass":4,"minecraft:acacia_log":11,"minecraft:grass_block":8,"minecraft:oak_log":8,"minecraft:coal_ore":29,"minecraft:dirt":2,"minecraft:copper_ore":1,"minecraft:tall_grass":2,"minecraft:stone":31,"minecraft:spawner":1},"minecraft:crafted":{"minecraft:wooden_sword":1,"minecraft:oak_planks":24,"minecraft:cooked_porkchop":2,"minecraft:crafting_table":3,"minecraft:iron_sword":1,"minecraft:iron_ingot":2,"minecraft:stick":12,"minecraft:wooden_pickaxe":2,"minecraft:stone_pickaxe":1,"minecraft:acacia_planks":36,"minecraft:air":0}},"DataVersion":3465}