{"stats":{"minecraft:picked_up":{"minecraft:raw_iron":4,"minecraft:crafting_table":1,"minecraft:acacia_log":9,"minecraft:oak_log":6,"minecraft:dirt":3,"minecraft:bone":2,"minecraft:stone_sword":1,"minecraft:arrow":2,"minecraft:coal":24,"minecraft:cobblestone":19},"minecraft:custom":{"minecraft:time_since_rest":6856,"minecraft:sprint_one_cm":63164,"minecraft:damage_taken":620,"minecraft:walk_one_cm":23168,"minecraft:mob_kills":1,"minecraft:damage_dealt":231,"minecraft:interact_with_crafting_table":5,"minecraft:swim_one_cm":2994,"minecraft:fly_one_cm":119676,"minecraft:open_chest":1,"minecraft:crouch_one_cm":6281,"minecraft:play_time":18398,"minecraft:deaths":2,"minecraft:sneak_time":2998,"minecraft:walk_under_water_one_cm":21,"minecraft:jump":587,"minecraft:damage_dealt_resisted":8,"minecraft:leave_game":1,"minecraft:time_since_death":8169,"minecraft:walk_on_water_one_cm":1164,"minecraft:total_world_time":18398,"minecraft:fall_one_cm":11861},"minecraft:used":{"minecraft:stone_sword":10,"minecraft:bread":2,"minecraft:stone_pickaxe":14,"minecraft:oak_planks":2,"minecraft:wooden_pickaxe":38,"minecraft:wooden_sword":5,"minecraft:dirt":3,"minecraft:cobblestone":2,"minecraft:crafting_table":4,"tombstone:gift":2},"minecraft:killed":{"enemyexpansion:direwolf":1},"minecraft:mined":{"minecraft:iron_ore":4,"minecraft:crafting_table":1,"minecraft:grass":3,"minecraft:coal_ore":29,"minecraft:acacia_log":11,"minecraft:grass_block":3,"minecraft:oak_log":6,"minecraft:tall_grass":2,"minecraft:stone":19},"minecraft:killed_by":{"born_in_chaos_v1:bone_imp_minion":1,"minecraft:skeleton":1},"minecraft:crafted":{"minecraft:wooden_sword":1,"minecraft:oak_planks":24,"minecraft:crafting_table":3,"minecraft:stick":12,"minecraft:wooden_pickaxe":2,"minecraft:stone_pickaxe":1,"minecraft:acacia_planks":36}},"DataVersion":3465}