{"stats":{"minecraft:broken":{"minecraft:chainmail_leggings":1,"minecraft:iron_boots":1,"minecraft:iron_sword":2,"minecraft:iron_helmet":1},"minecraft:killed_by":{"minecraft:husk":2,"minecraft:player":1,"illagerinvasion:basher":1,"minecraft:stray":2,"minecraft:spider":2,"born_in_chaos_v1:bone_imp_minion":3,"born_in_chaos_v1:corpse_fly":1,"born_in_chaos_v1:bonescaller":1,"minecraft:skeleton":1,"iceandfire:lightning_dragon":4,"born_in_chaos_v1:supreme_bonescaller_stage_2":2,"undead_revamp2:thebeartamer":1,"minecraft:vex":9},"minecraft:used":{"minecraft:stone_sword":56,"born_in_chaos_v1:ethereal_spirit":2,"minecraft:iron_sword":791,"luminousworld:savannah_ground":3,"minecraft:rotten_flesh":37,"minecraft:torch":17,"iceandfire:silver_ore":3,"minecraft:dirt":64,"minecraft:carrot":17,"minecraft:milk_bucket":2,"born_in_chaos_v1:corpse_maggot":2,"iceandfire:crackled_gravel":5,"minecraft:melon_seeds":2,"minecraft:barrel":1,"minecraft:oak_sapling":1,"minecraft:beetroot_seeds":2,"tombstone:gift":9,"minecraft:wheat_seeds":49,"minecraft:cooked_mutton":2,"minecraft:iron_ore":2,"minecraft:birch_planks":7,"minecraft:stone_pickaxe":49,"minecraft:oak_planks":5,"iceandfire:crackled_grass":1,"minecraft:wooden_pickaxe":77,"minecraft:gold_ore":2,"minecraft:golden_apple":2,"minecraft:crafting_table":14,"quark:acacia_chest":2,"minecraft:white_bed":2,"minecraft:pumpkin_seeds":1,"tombstone:bag_of_seeds":2,"minecraft:bread":62,"minecraft:iron_pickaxe":139,"tombstone:grave_key":1,"supplementaries:flax_seeds":2,"ecologics:coconut_slice":12,"minecraft:stone_axe":2,"minecraft:wooden_sword":115,"minecraft:cobblestone":22,"minecraft:cooked_porkchop":7,"quark:oak_chest":1,"minecraft:oak_boat":1},"minecraft:crafted":{"minecraft:wooden_sword":3,"minecraft:oak_planks":84,"minecraft:iron_nugget":1,"minecraft:bow":1,"minecraft:iron_boots":1,"minecraft:stone_pickaxe":3,"minecraft:dark_oak_planks":8,"minecraft:wheat":18,"sophisticatedbackpacks:backpack":1,"minecraft:cooked_porkchop":2,"minecraft:crafting_table":14,"minecraft:wooden_pickaxe":5,"minecraft:iron_helmet":1,"minecraft:iron_sword":6,"minecraft:bucket":2,"minecraft:birch_planks":36,"minecraft:bread":62,"minecraft:air":0,"minecraft:oak_boat":1,"minecraft:iron_chestplate":1,"minecraft:stick":52,"quark:oak_chest":2,"minecraft:iron_pickaxe":1,"minecraft:iron_ingot":36,"minecraft:iron_leggings":1,"minecraft:acacia_planks":76,"minecraft:torch":16},"minecraft:picked_up":{"minecraft:iron_chestplate":1,"minecraft:crafting_table":2,"minecraft:wheat":151,"born_in_chaos_v1:seedof_chaos":1,"minecraft:chainmail_boots":1,"minecraft:flower_pot":1,"minecraft:wooden_pickaxe":1,"artifacts:chorus_totem":1,"minecraft:enchanted_book":4,"tombstone:grave_key":1,"minecraft:shield":1,"minecraft:string":12,"minecraft:raw_copper":3,"minecraft:spruce_planks":1,"minecraft:beef":12,"minecraft:iron_nugget":1,"minecraft:spruce_slab":1,"minecraft:enchanted_golden_apple":1,"minecraft:chest":3,"minecraft:stick":10,"minecraft:raw_iron":24,"born_in_chaos_v1:shattered_skull":1,"ecologics:coconut_slice":12,"minecraft:torch":3,"iceandfire:silver_ore":3,"minecraft:acacia_log":16,"minecraft:spruce_stairs":1,"minecraft:porkchop":3,"iceandfire:crackled_gravel":17,"tombstone:grave_dust":7,"born_in_chaos_v1:pieceofdarkmetal":2,"minecraft:mangrove_trapdoor":2,"minecraft:dark_oak_planks":6,"minecraft:prismarine_crystals":5,"minecraft:rabbit_foot":1,"minecraft:diamond_chestplate":1,"luminousworld:grassflowers":3,"minecraft:stone_sword":2,"minecraft:arrow":12,"minecraft:rotten_flesh":17,"luminousworld:yellow_grassflowers":1,"luminousworld:soft_birch_log":1,"minecraft:tropical_fish":1,"minecraft:beetroot_seeds":2,"quark:acacia_chest":2,"minecraft:hay_block":2,"iceandfire:crackled_grass":1,"born_in_chaos_v1:spiny_shell":4,"supplementaries:ash":5,"minecraft:skeleton_skull":6,"minecraft:cobblestone":54,"minecraft:birch_log":8,"born_in_chaos_v1:corpse_maggot":15,"luminousworld:savannah_ground":6,"minecraft:feather":6,"minecraft:leather":8,"minecraft:potato":1,"minecraft:red_mushroom":3,"minecraft:birch_planks":7,"minecraft:crimson_fungus":3,"minecraft:oak_log":23,"supplementaries:flax_seeds":4,"minecraft:dirt":174,"minecraft:paper":1,"tombstone:gift":2,"born_in_chaos_v1:monster_skin":9,"minecraft:cooked_mutton":6,"minecraft:bone":15,"minecraft:acacia_planks":7,"minecraft:rabbit_hide":3,"minecraft:kelp":45,"minecraft:bow":2,"minecraft:wheat_seeds":353,"mowziesmobs:foliaath_seed":1,"minecraft:raw_gold":2,"minecraft:stone_pickaxe":1,"minecraft:iron_ingot":39,"minecraft:iron_ore":2,"minecraft:rabbit":1,"minecraft:iron_sword":4,"minecraft:oak_planks":2,"minecraft:book":326,"iceandfire:copper_nugget":118,"luminousworld:clovers_1":3,"minecraft:pumpkin":8,"born_in_chaos_v1:orbofthe_summoner":2,"born_in_chaos_v1:ethereal_spirit":3,"tombstone:scroll_of_feather_fall":1,"minecraft:torchflower_seeds":3,"ecologics:coconut_husk":19,"minecraft:gold_ore":2,"minecraft:white_bed":2,"minecraft:dark_oak_log":10,"minecraft:barrel":1,"alexsmobs:animal_dictionary":1,"minecraft:diamond":1,"minecraft:writable_book":1,"minecraft:chainmail_leggings":1,"minecraft:emerald":20,"minecraft:bread":9,"tombstone:magic_scroll":1,"minecraft:oak_sapling":3,"minecraft:light_gray_carpet":5,"minecraft:melon_seeds":2,"minecraft:coal":26,"iceandfire:raw_silver":14,"minecraft:ender_pearl":1},"minecraft:dropped":{"minecraft:bread":25,"minecraft:iron_sword":2,"minecraft:porkchop":1,"minecraft:birch_planks":6,"minecraft:wheat_seeds":197,"minecraft:oak_log":3,"mowziesmobs:foliaath_seed":1,"minecraft:feather":1,"minecraft:cobblestone":44,"minecraft:red_mushroom":1,"minecraft:stick":2,"minecraft:dirt":37,"minecraft:dark_oak_log":3,"minecraft:torch":2,"born_in_chaos_v1:monster_skin":9,"tombstone:grave_dust":5,"minecraft:chain":3,"minecraft:acacia_planks":7,"minecraft:crimson_fungus":1,"minecraft:kelp":22,"minecraft:iron_nugget":1,"minecraft:stone_sword":1,"born_in_chaos_v1:ethereal_spirit":3,"minecraft:rotten_flesh":1,"iceandfire:crackled_gravel":8,"minecraft:torchflower_seeds":3,"minecraft:pumpkin_seeds":5,"luminousworld:yellow_grassflowers":1,"supplementaries:ash":3,"luminousworld:grassflowers":4,"supplementaries:cartographers_quill":1,"born_in_chaos_v1:seedof_chaos":1,"minecraft:spruce_planks":1,"minecraft:oak_sapling":2,"minecraft:iron_chestplate":2,"born_in_chaos_v1:corpse_maggot":2,"ecologics:coconut_husk":27,"minecraft:chest":1,"minecraft:bow":2,"minecraft:wooden_pickaxe":2},"minecraft:custom":{"minecraft:interact_with_smithing_table":1,"minecraft:mob_kills":80,"minecraft:interact_with_crafting_table":44,"minecraft:open_barrel":17,"minecraft:damage_dealt_resisted":1254,"minecraft:eat_cake_slice":2,"minecraft:leave_game":9,"minecraft:time_since_death":5115,"minecraft:damage_resisted":252,"minecraft:climb_one_cm":651,"minecraft:sprint_one_cm":1062573,"minecraft:walk_one_cm":560254,"minecraft:drop":76,"minecraft:talked_to_villager":2,"minecraft:play_time":248020,"minecraft:sneak_time":15935,"minecraft:deaths":33,"minecraft:walk_under_water_one_cm":6654,"minecraft:boat_one_cm":80123,"minecraft:jump":5764,"minecraft:interact_with_blast_furnace":6,"minecraft:walk_on_water_one_cm":51768,"minecraft:total_world_time":248020,"minecraft:interact_with_furnace":23,"tombstone:raider_killed":3,"minecraft:interact_with_stonecutter":1,"minecraft:sleep_in_bed":8,"minecraft:time_since_rest":4396,"minecraft:damage_absorbed":81,"minecraft:damage_taken":12847,"minecraft:trigger_trapped_chest":2,"minecraft:damage_dealt":17912,"minecraft:player_kills":1,"minecraft:swim_one_cm":152028,"minecraft:fly_one_cm":1155991,"minecraft:open_chest":105,"minecraft:crouch_one_cm":48204,"tombstone:undead_killed":26,"minecraft:interact_with_smoker":3,"minecraft:fall_one_cm":145355},"minecraft:killed":{"illagerinvasion:archivist":1,"minecraft:vex":1,"earthmobsmod:jumbo_rabbit":1,"born_in_chaos_v1:restless_spirit":1,"born_in_chaos_v1:skeleton_thrasher_not_despawn":1,"enemyexpansion:direwolf":2,"illagerinvasion:basher":1,"born_in_chaos_v1:maggot":5,"minecraft:skeleton":3,"illagerinvasion:provoker":1,"born_in_chaos_v1:corpse_fish":1,"luminousworld:savannah_zombie":1,"undead_revamp2:thespitter":1,"born_in_chaos_v1:barrel_zombie":1,"minecraft:husk":1,"minecraft:pig":2,"born_in_chaos_v1:bone_imp_minion":5,"undead_revamp2:the_moonflower":1,"minecraft:frog":1,"born_in_chaos_v1:decrepit_skeleton":1,"luminousworld:savannah_skeleton":1,"minecraft:zombie":7,"iceandfire:ghost":2,"born_in_chaos_v1:corpse_fly":27,"minecraft:stray":1,"minecraft:cow":7},"minecraft:mined":{"minecraft:dark_oak_planks":5,"minecraft:waxed_cut_copper_slab":2,"minecraft:white_bed":2,"iceandfire:silver_ore":17,"luminousworld:grassvariant_4":6,"iceandfire:pixie_house_birch":1,"iceandfire:crackled_gravel":1,"minecraft:dark_oak_fence":1,"minecraft:acacia_log":18,"minecraft:grass_block":93,"luminousworld:grassvariant_2":15,"luminousworld:clovers_2":1,"quark:acacia_chest":2,"minecraft:spawner":8,"iceandfire:crackled_cobblestone":1,"minecraft:hay_block":2,"minecraft:weeping_vines_plant":3,"luminousworld:yellow_grassflowers":1,"minecraft:iron_ore":26,"iceandfire:crackled_grass":1,"minecraft:andesite":1,"iceandfire:crackled_dirt":6,"minecraft:dirt_path":1,"luminousworld:clovers_3":1,"minecraft:stripped_mangrove_wood":1,"minecraft:stone":60,"minecraft:kelp_plant":3,"minecraft:crafting_table":2,"minecraft:blast_furnace":1,"minecraft:rose_bush":1,"luminousworld:grassflowers":2,"minecraft:tall_grass":6,"minecraft:copper_ore":1,"minecraft:cobblestone":3,"minecraft:wall_torch":3,"minecraft:skeleton_skull":1,"minecraft:birch_planks":1,"luminousworld:clovers_1":1,"minecraft:birch_log":2,"minecraft:wheat":53,"minecraft:birch_leaves":10,"minecraft:grass":35,"minecraft:oak_log":20,"minecraft:coal_ore":31,"luminousworld:clovers_5":1,"minecraft:sunflower":1,"minecraft:dirt":23,"luminousworld:grassvariant_3":4,"minecraft:cobweb":7,"minecraft:tripwire_hook":1,"minecraft:stone_bricks":6,"minecraft:gold_ore":4,"luminousworld:savannah_grass_4":3,"luminousworld:elephant_grass":2,"minecraft:oak_leaves":22,"minecraft:fern":1,"luminousworld:savannah_ground":3}},"DataVersion":3465}