{"stats":{"minecraft:picked_up":{"minecraft:bone":2,"minecraft:arrow":2},"minecraft:custom":{"minecraft:jump":150,"minecraft:time_since_rest":1,"minecraft:crouch_one_cm":85,"minecraft:deaths":1,"minecraft:sprint_one_cm":14622,"minecraft:play_time":4343,"minecraft:damage_taken":235,"minecraft:time_since_death":1224,"minecraft:walk_one_cm":3342,"minecraft:sneak_time":8,"minecraft:total_world_time":4343,"minecraft:fall_one_cm":2238,"minecraft:fly_one_cm":38807},"minecraft:killed_by":{"minecraft:skeleton":1}},"DataVersion":3465}