{"stats":{"minecraft:picked_up":{"minecraft:crafting_table":2,"minecraft:wheat":151,"minecraft:chainmail_boots":1,"minecraft:flower_pot":1,"minecraft:wooden_pickaxe":1,"minecraft:enchanted_book":4,"tombstone:grave_key":1,"minecraft:shield":1,"minecraft:string":3,"minecraft:raw_copper":3,"minecraft:spruce_planks":1,"minecraft:spruce_slab":1,"minecraft:enchanted_golden_apple":1,"minecraft:chest":3,"minecraft:stick":10,"minecraft:raw_iron":12,"born_in_chaos_v1:shattered_skull":1,"ecologics:coconut_slice":10,"minecraft:acacia_log":16,"minecraft:spruce_stairs":1,"minecraft:porkchop":3,"tombstone:grave_dust":2,"minecraft:prismarine_crystals":5,"luminousworld:grassflowers":3,"minecraft:stone_sword":2,"minecraft:arrow":12,"minecraft:rotten_flesh":6,"minecraft:tropical_fish":1,"minecraft:beetroot_seeds":2,"quark:acacia_chest":2,"supplementaries:ash":5,"minecraft:skeleton_skull":6,"minecraft:cobblestone":52,"minecraft:birch_log":6,"born_in_chaos_v1:corpse_maggot":4,"luminousworld:savannah_ground":6,"minecraft:feather":6,"minecraft:red_mushroom":3,"minecraft:birch_planks":6,"minecraft:crimson_fungus":3,"minecraft:oak_log":18,"supplementaries:flax_seeds":4,"minecraft:dirt":152,"minecraft:paper":1,"tombstone:gift":2,"born_in_chaos_v1:monster_skin":9,"minecraft:cooked_mutton":6,"minecraft:bone":14,"minecraft:acacia_planks":7,"minecraft:kelp":1,"minecraft:wheat_seeds":349,"mowziesmobs:foliaath_seed":1,"minecraft:stone_pickaxe":1,"minecraft:iron_ingot":39,"minecraft:iron_sword":4,"minecraft:oak_planks":2,"minecraft:book":325,"born_in_chaos_v1:orbofthe_summoner":2,"tombstone:scroll_of_feather_fall":1,"minecraft:torchflower_seeds":3,"alexsmobs:animal_dictionary":1,"minecraft:white_bed":1,"minecraft:barrel":1,"minecraft:dark_oak_log":10,"minecraft:diamond":1,"minecraft:emerald":19,"minecraft:oak_sapling":1,"minecraft:light_gray_carpet":5,"minecraft:melon_seeds":2,"minecraft:coal":25,"iceandfire:raw_silver":3,"minecraft:ender_pearl":1},"minecraft:custom":{"minecraft:mob_kills":19,"minecraft:interact_with_crafting_table":29,"minecraft:open_barrel":3,"minecraft:damage_dealt_resisted":1190,"minecraft:leave_game":7,"minecraft:time_since_death":47839,"minecraft:sprint_one_cm":492668,"minecraft:walk_one_cm":252722,"minecraft:drop":28,"minecraft:play_time":125562,"minecraft:deaths":22,"minecraft:sneak_time":12042,"minecraft:walk_under_water_one_cm":4032,"minecraft:boat_one_cm":80123,"minecraft:jump":2968,"minecraft:walk_on_water_one_cm":15906,"minecraft:total_world_time":125562,"minecraft:interact_with_furnace":21,"minecraft:sleep_in_bed":4,"minecraft:time_since_rest":6253,"minecraft:damage_taken":6569,"minecraft:damage_dealt":5010,"minecraft:swim_one_cm":13645,"minecraft:fly_one_cm":662626,"minecraft:player_kills":1,"minecraft:open_chest":60,"minecraft:crouch_one_cm":35923,"tombstone:undead_killed":12,"minecraft:interact_with_smoker":2,"minecraft:fall_one_cm":69800},"minecraft:used":{"minecraft:stone_sword":56,"minecraft:iron_sword":161,"luminousworld:savannah_ground":3,"minecraft:rotten_flesh":5,"minecraft:dirt":55,"minecraft:melon_seeds":2,"minecraft:barrel":1,"minecraft:oak_sapling":1,"minecraft:beetroot_seeds":2,"tombstone:gift":7,"minecraft:wheat_seeds":49,"minecraft:cooked_mutton":2,"minecraft:stone_pickaxe":49,"minecraft:oak_planks":5,"minecraft:wooden_pickaxe":77,"minecraft:crafting_table":10,"quark:acacia_chest":2,"minecraft:white_bed":1,"minecraft:pumpkin_seeds":1,"tombstone:bag_of_seeds":2,"minecraft:bread":11,"minecraft:iron_pickaxe":9,"supplementaries:flax_seeds":2,"minecraft:stone_axe":2,"ecologics:coconut_slice":1,"minecraft:wooden_sword":115,"minecraft:cobblestone":22,"minecraft:cooked_porkchop":7,"quark:oak_chest":1,"minecraft:oak_boat":1},"minecraft:dropped":{"minecraft:bread":22,"minecraft:iron_sword":1,"minecraft:porkchop":1,"minecraft:birch_planks":6,"minecraft:wheat_seeds":130,"minecraft:oak_log":3,"mowziesmobs:foliaath_seed":1,"minecraft:cobblestone":42,"minecraft:red_mushroom":1,"minecraft:dirt":29,"minecraft:dark_oak_log":3,"born_in_chaos_v1:monster_skin":9,"tombstone:grave_dust":1,"minecraft:acacia_planks":7,"minecraft:crimson_fungus":1,"minecraft:stone_sword":1,"minecraft:torchflower_seeds":3,"supplementaries:ash":3,"luminousworld:grassflowers":4,"born_in_chaos_v1:corpse_maggot":2,"minecraft:chest":1,"minecraft:wooden_pickaxe":1},"minecraft:killed":{"minecraft:vex":1,"born_in_chaos_v1:skeleton_thrasher_not_despawn":1,"enemyexpansion:direwolf":1,"born_in_chaos_v1:maggot":1,"minecraft:skeleton":1,"born_in_chaos_v1:barrel_zombie":1,"minecraft:pig":2,"born_in_chaos_v1:bone_imp_minion":5,"luminousworld:savannah_skeleton":1,"minecraft:zombie":2,"born_in_chaos_v1:corpse_fly":2,"minecraft:stray":1},"minecraft:killed_by":{"minecraft:player":1,"minecraft:stray":2,"minecraft:spider":2,"born_in_chaos_v1:bone_imp_minion":3,"born_in_chaos_v1:corpse_fly":1,"minecraft:skeleton":1,"born_in_chaos_v1:supreme_bonescaller_stage_2":2,"undead_revamp2:thebeartamer":1,"minecraft:vex":8},"minecraft:mined":{"iceandfire:silver_ore":3,"minecraft:white_bed":1,"luminousworld:grassvariant_4":2,"minecraft:acacia_log":18,"minecraft:grass_block":76,"luminousworld:grassvariant_2":4,"quark:acacia_chest":2,"minecraft:spawner":4,"minecraft:weeping_vines_plant":3,"minecraft:iron_ore":12,"minecraft:dirt_path":1,"minecraft:stone":51,"minecraft:crafting_table":2,"minecraft:rose_bush":1,"luminousworld:grassflowers":2,"minecraft:tall_grass":5,"minecraft:copper_ore":1,"minecraft:cobblestone":3,"minecraft:skeleton_skull":1,"minecraft:wheat":53,"minecraft:grass":19,"minecraft:oak_log":15,"minecraft:coal_ore":30,"minecraft:dirt":19,"luminousworld:grassvariant_3":2,"minecraft:cobweb":4,"luminousworld:elephant_grass":2,"luminousworld:savannah_grass_4":1,"minecraft:oak_leaves":18,"luminousworld:savannah_ground":3},"minecraft:crafted":{"minecraft:wooden_sword":3,"minecraft:oak_planks":64,"minecraft:iron_boots":1,"minecraft:stone_pickaxe":3,"minecraft:dark_oak_planks":8,"minecraft:cooked_porkchop":2,"minecraft:crafting_table":10,"minecraft:wooden_pickaxe":5,"minecraft:iron_helmet":1,"minecraft:iron_sword":3,"minecraft:birch_planks":24,"minecraft:bread":48,"minecraft:air":0,"minecraft:oak_boat":1,"minecraft:iron_chestplate":1,"minecraft:stick":44,"quark:oak_chest":1,"minecraft:iron_ingot":11,"minecraft:iron_pickaxe":1,"minecraft:iron_leggings":1,"minecraft:acacia_planks":76}},"DataVersion":3465}