{"stats":{"minecraft:picked_up":{"minecraft:crafting_table":2,"luminousworld:savannah_ground":3,"minecraft:oak_log":11,"minecraft:string":1,"minecraft:dirt":70,"minecraft:raw_copper":3,"minecraft:cooked_mutton":6,"minecraft:bone":4,"minecraft:kelp":1,"minecraft:wheat_seeds":2,"minecraft:stick":1,"minecraft:raw_iron":12,"minecraft:acacia_log":16,"minecraft:porkchop":2,"minecraft:barrel":1,"minecraft:prismarine_crystals":5,"minecraft:dark_oak_log":2,"minecraft:stone_sword":1,"luminousworld:grassflowers":1,"minecraft:arrow":3,"minecraft:rotten_flesh":3,"minecraft:tropical_fish":1,"minecraft:oak_sapling":1,"minecraft:coal":24,"minecraft:cobblestone":51},"minecraft:custom":{"minecraft:interact_with_furnace":13,"minecraft:mob_kills":6,"minecraft:interact_with_crafting_table":17,"minecraft:open_barrel":3,"minecraft:damage_dealt_resisted":26,"minecraft:leave_game":5,"minecraft:time_since_death":945,"minecraft:sleep_in_bed":1,"minecraft:time_since_rest":464,"minecraft:sprint_one_cm":203592,"minecraft:damage_taken":3960,"minecraft:walk_one_cm":78305,"minecraft:drop":1,"minecraft:damage_dealt":1735,"minecraft:swim_one_cm":2994,"minecraft:fly_one_cm":304253,"minecraft:player_kills":1,"minecraft:open_chest":9,"minecraft:crouch_one_cm":27216,"minecraft:play_time":56208,"tombstone:undead_killed":3,"minecraft:deaths":14,"minecraft:sneak_time":9735,"minecraft:walk_under_water_one_cm":21,"minecraft:jump":1424,"minecraft:walk_on_water_one_cm":1164,"minecraft:total_world_time":56208,"minecraft:fall_one_cm":28246},"minecraft:dropped":{"luminousworld:grassflowers":1},"minecraft:used":{"minecraft:cooked_mutton":2,"minecraft:stone_sword":10,"minecraft:stone_pickaxe":48,"minecraft:oak_planks":5,"minecraft:wooden_pickaxe":57,"minecraft:iron_sword":36,"minecraft:rotten_flesh":2,"minecraft:dirt":39,"minecraft:crafting_table":7,"minecraft:bread":2,"minecraft:barrel":1,"minecraft:wooden_sword":82,"minecraft:cobblestone":21,"minecraft:oak_sapling":1,"minecraft:cooked_porkchop":2,"tombstone:gift":2},"minecraft:killed":{"born_in_chaos_v1:barrel_zombie":1,"minecraft:vex":1,"minecraft:pig":1,"enemyexpansion:direwolf":1,"minecraft:zombie":1,"minecraft:stray":1},"minecraft:killed_by":{"minecraft:skeleton":1,"minecraft:stray":2,"minecraft:spider":2,"born_in_chaos_v1:bone_imp_minion":1,"minecraft:vex":8},"minecraft:mined":{"luminousworld:grassvariant_4":1,"minecraft:crafting_table":2,"minecraft:acacia_log":18,"minecraft:grass_block":74,"minecraft:rose_bush":1,"luminousworld:grassvariant_2":1,"luminousworld:grassflowers":1,"minecraft:tall_grass":2,"minecraft:copper_ore":1,"minecraft:cobblestone":3,"minecraft:spawner":3,"minecraft:weeping_vines_plant":2,"minecraft:iron_ore":12,"minecraft:grass":12,"minecraft:oak_log":11,"minecraft:coal_ore":29,"minecraft:dirt":6,"luminousworld:grassvariant_3":2,"minecraft:stone":49,"luminousworld:savannah_grass_4":1,"minecraft:oak_leaves":18,"luminousworld:savannah_ground":3},"minecraft:crafted":{"minecraft:wooden_sword":2,"minecraft:oak_planks":36,"minecraft:cooked_porkchop":2,"minecraft:crafting_table":6,"minecraft:wooden_pickaxe":4,"minecraft:iron_sword":2,"minecraft:air":0,"minecraft:stick":28,"minecraft:iron_ingot":8,"minecraft:stone_pickaxe":3,"minecraft:acacia_planks":64,"minecraft:dark_oak_planks":8}},"DataVersion":3465}