{"stats":{"minecraft:broken":{"minecraft:iron_sword":1,"minecraft:iron_helmet":1},"minecraft:killed_by":{"minecraft:player":1,"illagerinvasion:basher":1,"minecraft:stray":2,"minecraft:spider":2,"born_in_chaos_v1:bone_imp_minion":3,"born_in_chaos_v1:corpse_fly":1,"minecraft:skeleton":1,"iceandfire:lightning_dragon":4,"born_in_chaos_v1:supreme_bonescaller_stage_2":2,"undead_revamp2:thebeartamer":1,"minecraft:vex":9},"minecraft:used":{"minecraft:stone_sword":56,"born_in_chaos_v1:ethereal_spirit":2,"minecraft:iron_sword":608,"luminousworld:savannah_ground":3,"minecraft:rotten_flesh":22,"iceandfire:silver_ore":3,"minecraft:dirt":60,"minecraft:carrot":17,"born_in_chaos_v1:corpse_maggot":1,"iceandfire:crackled_gravel":4,"minecraft:melon_seeds":2,"minecraft:barrel":1,"minecraft:oak_sapling":1,"minecraft:beetroot_seeds":2,"tombstone:gift":7,"minecraft:wheat_seeds":49,"minecraft:cooked_mutton":2,"minecraft:iron_ore":2,"minecraft:birch_planks":7,"minecraft:stone_pickaxe":49,"minecraft:oak_planks":5,"minecraft:wooden_pickaxe":77,"minecraft:gold_ore":2,"minecraft:golden_apple":2,"minecraft:crafting_table":13,"quark:acacia_chest":2,"minecraft:white_bed":1,"minecraft:pumpkin_seeds":1,"tombstone:bag_of_seeds":2,"minecraft:bread":44,"minecraft:iron_pickaxe":73,"supplementaries:flax_seeds":2,"ecologics:coconut_slice":8,"minecraft:stone_axe":2,"minecraft:wooden_sword":115,"minecraft:cobblestone":22,"minecraft:cooked_porkchop":7,"quark:oak_chest":1,"minecraft:oak_boat":1},"minecraft:crafted":{"minecraft:wooden_sword":3,"minecraft:oak_planks":64,"minecraft:bow":1,"minecraft:iron_boots":1,"minecraft:stone_pickaxe":3,"minecraft:dark_oak_planks":8,"minecraft:cooked_porkchop":2,"minecraft:crafting_table":13,"minecraft:wooden_pickaxe":5,"minecraft:iron_helmet":1,"minecraft:iron_sword":4,"minecraft:birch_planks":36,"minecraft:bread":48,"minecraft:air":0,"minecraft:oak_boat":1,"minecraft:iron_chestplate":1,"minecraft:stick":44,"quark:oak_chest":1,"minecraft:iron_pickaxe":1,"minecraft:iron_ingot":11,"minecraft:iron_leggings":1,"minecraft:acacia_planks":76},"minecraft:picked_up":{"minecraft:iron_chestplate":1,"minecraft:crafting_table":2,"minecraft:wheat":151,"minecraft:chainmail_boots":1,"minecraft:flower_pot":1,"minecraft:wooden_pickaxe":1,"artifacts:chorus_totem":1,"minecraft:enchanted_book":4,"tombstone:grave_key":1,"minecraft:shield":1,"minecraft:string":6,"minecraft:raw_copper":3,"minecraft:spruce_planks":1,"minecraft:spruce_slab":1,"minecraft:enchanted_golden_apple":1,"minecraft:chest":3,"minecraft:stick":10,"minecraft:raw_iron":24,"born_in_chaos_v1:shattered_skull":1,"ecologics:coconut_slice":10,"minecraft:torch":2,"iceandfire:silver_ore":3,"minecraft:acacia_log":16,"minecraft:spruce_stairs":1,"minecraft:porkchop":3,"iceandfire:crackled_gravel":12,"tombstone:grave_dust":2,"minecraft:prismarine_crystals":5,"luminousworld:grassflowers":3,"minecraft:stone_sword":2,"minecraft:arrow":12,"minecraft:rotten_flesh":14,"luminousworld:yellow_grassflowers":1,"luminousworld:soft_birch_log":1,"minecraft:tropical_fish":1,"minecraft:beetroot_seeds":2,"quark:acacia_chest":2,"born_in_chaos_v1:spiny_shell":4,"supplementaries:ash":5,"minecraft:skeleton_skull":6,"minecraft:cobblestone":54,"minecraft:birch_log":8,"born_in_chaos_v1:corpse_maggot":5,"luminousworld:savannah_ground":6,"minecraft:feather":6,"minecraft:red_mushroom":3,"minecraft:birch_planks":7,"minecraft:crimson_fungus":3,"minecraft:oak_log":18,"supplementaries:flax_seeds":4,"minecraft:dirt":166,"minecraft:paper":1,"tombstone:gift":2,"born_in_chaos_v1:monster_skin":9,"minecraft:cooked_mutton":6,"minecraft:bone":14,"minecraft:acacia_planks":7,"minecraft:kelp":45,"minecraft:bow":1,"minecraft:wheat_seeds":351,"mowziesmobs:foliaath_seed":1,"minecraft:raw_gold":2,"minecraft:stone_pickaxe":1,"minecraft:iron_ingot":39,"minecraft:iron_ore":2,"minecraft:iron_sword":4,"minecraft:oak_planks":2,"minecraft:book":326,"iceandfire:copper_nugget":118,"luminousworld:clovers_1":3,"minecraft:pumpkin":8,"born_in_chaos_v1:orbofthe_summoner":2,"born_in_chaos_v1:ethereal_spirit":3,"tombstone:scroll_of_feather_fall":1,"minecraft:torchflower_seeds":3,"ecologics:coconut_husk":19,"minecraft:gold_ore":2,"minecraft:white_bed":1,"minecraft:dark_oak_log":10,"minecraft:barrel":1,"alexsmobs:animal_dictionary":1,"minecraft:diamond":1,"minecraft:writable_book":1,"minecraft:chainmail_leggings":1,"minecraft:emerald":20,"minecraft:bread":9,"tombstone:magic_scroll":1,"minecraft:oak_sapling":1,"minecraft:light_gray_carpet":5,"minecraft:melon_seeds":2,"minecraft:coal":26,"iceandfire:raw_silver":14,"minecraft:ender_pearl":1},"minecraft:dropped":{"minecraft:bread":22,"minecraft:iron_sword":1,"minecraft:porkchop":1,"minecraft:birch_planks":6,"minecraft:wheat_seeds":194,"minecraft:oak_log":3,"mowziesmobs:foliaath_seed":1,"minecraft:cobblestone":44,"minecraft:red_mushroom":1,"minecraft:dirt":34,"minecraft:dark_oak_log":3,"minecraft:torch":2,"born_in_chaos_v1:monster_skin":9,"tombstone:grave_dust":1,"minecraft:chain":3,"minecraft:acacia_planks":7,"minecraft:crimson_fungus":1,"minecraft:kelp":22,"minecraft:stone_sword":1,"born_in_chaos_v1:ethereal_spirit":3,"iceandfire:crackled_gravel":4,"minecraft:torchflower_seeds":3,"minecraft:pumpkin_seeds":5,"luminousworld:yellow_grassflowers":1,"supplementaries:ash":3,"luminousworld:grassflowers":4,"minecraft:spruce_planks":1,"minecraft:iron_chestplate":1,"born_in_chaos_v1:corpse_maggot":2,"ecologics:coconut_husk":27,"minecraft:chest":1,"minecraft:bow":1,"minecraft:wooden_pickaxe":1},"minecraft:custom":{"minecraft:interact_with_smithing_table":1,"minecraft:mob_kills":55,"minecraft:interact_with_crafting_table":35,"minecraft:open_barrel":9,"minecraft:damage_dealt_resisted":1250,"minecraft:leave_game":8,"minecraft:time_since_death":7637,"minecraft:damage_resisted":252,"minecraft:climb_one_cm":54,"minecraft:sprint_one_cm":836608,"minecraft:walk_one_cm":462336,"minecraft:drop":54,"minecraft:play_time":197391,"minecraft:sneak_time":14785,"minecraft:deaths":28,"minecraft:walk_under_water_one_cm":5194,"minecraft:boat_one_cm":80123,"minecraft:jump":4474,"minecraft:walk_on_water_one_cm":23706,"minecraft:total_world_time":197391,"minecraft:interact_with_furnace":21,"tombstone:raider_killed":3,"minecraft:sleep_in_bed":5,"minecraft:time_since_rest":6512,"minecraft:damage_absorbed":81,"minecraft:damage_taken":10498,"minecraft:trigger_trapped_chest":2,"minecraft:damage_dealt":13882,"minecraft:player_kills":1,"minecraft:swim_one_cm":18984,"minecraft:fly_one_cm":914700,"minecraft:open_chest":98,"minecraft:crouch_one_cm":45362,"tombstone:undead_killed":24,"minecraft:interact_with_smoker":3,"minecraft:fall_one_cm":102000},"minecraft:killed":{"illagerinvasion:archivist":1,"minecraft:vex":1,"born_in_chaos_v1:restless_spirit":1,"born_in_chaos_v1:skeleton_thrasher_not_despawn":1,"enemyexpansion:direwolf":2,"illagerinvasion:basher":1,"born_in_chaos_v1:maggot":5,"minecraft:skeleton":3,"illagerinvasion:provoker":1,"born_in_chaos_v1:corpse_fish":1,"luminousworld:savannah_zombie":1,"undead_revamp2:thespitter":1,"born_in_chaos_v1:barrel_zombie":1,"minecraft:pig":2,"born_in_chaos_v1:bone_imp_minion":5,"born_in_chaos_v1:decrepit_skeleton":1,"luminousworld:savannah_skeleton":1,"minecraft:zombie":7,"iceandfire:ghost":2,"born_in_chaos_v1:corpse_fly":14,"minecraft:stray":1},"minecraft:mined":{"minecraft:white_bed":1,"iceandfire:silver_ore":17,"luminousworld:grassvariant_4":6,"iceandfire:pixie_house_birch":1,"minecraft:acacia_log":18,"minecraft:grass_block":87,"luminousworld:grassvariant_2":12,"luminousworld:clovers_2":1,"quark:acacia_chest":2,"minecraft:spawner":7,"minecraft:weeping_vines_plant":3,"luminousworld:yellow_grassflowers":1,"minecraft:iron_ore":26,"minecraft:andesite":1,"iceandfire:crackled_dirt":6,"minecraft:dirt_path":1,"luminousworld:clovers_3":1,"minecraft:stone":60,"minecraft:crafting_table":2,"minecraft:rose_bush":1,"luminousworld:grassflowers":2,"minecraft:tall_grass":6,"minecraft:copper_ore":1,"minecraft:cobblestone":3,"minecraft:wall_torch":2,"minecraft:skeleton_skull":1,"minecraft:birch_planks":1,"luminousworld:clovers_1":1,"minecraft:birch_log":2,"minecraft:wheat":53,"minecraft:birch_leaves":10,"minecraft:grass":25,"minecraft:oak_log":15,"minecraft:coal_ore":31,"luminousworld:clovers_5":1,"minecraft:dirt":21,"luminousworld:grassvariant_3":2,"minecraft:cobweb":6,"minecraft:stone_bricks":6,"minecraft:gold_ore":4,"luminousworld:savannah_grass_4":3,"luminousworld:elephant_grass":2,"minecraft:oak_leaves":18,"luminousworld:savannah_ground":3}},"DataVersion":3465}