{"stats":{"minecraft:picked_up":{"born_in_chaos_v1:corpse_maggot":4,"minecraft:crafting_table":2,"luminousworld:savannah_ground":4,"minecraft:feather":3,"minecraft:chainmail_boots":1,"minecraft:flower_pot":1,"minecraft:wooden_pickaxe":1,"minecraft:red_mushroom":2,"minecraft:birch_planks":6,"minecraft:enchanted_book":2,"minecraft:crimson_fungus":2,"minecraft:oak_log":18,"supplementaries:flax_seeds":2,"minecraft:shield":1,"minecraft:dirt":122,"minecraft:string":3,"tombstone:gift":2,"minecraft:raw_copper":3,"born_in_chaos_v1:monster_skin":9,"minecraft:cooked_mutton":6,"minecraft:bone":12,"minecraft:acacia_planks":7,"minecraft:kelp":1,"mowziesmobs:foliaath_seed":1,"minecraft:wheat_seeds":7,"minecraft:iron_ingot":6,"minecraft:enchanted_golden_apple":1,"minecraft:chest":3,"minecraft:iron_sword":3,"minecraft:oak_planks":2,"minecraft:book":161,"minecraft:stick":1,"minecraft:raw_iron":12,"born_in_chaos_v1:shattered_skull":1,"born_in_chaos_v1:orbofthe_summoner":2,"minecraft:acacia_log":16,"minecraft:torchflower_seeds":3,"minecraft:porkchop":3,"tombstone:grave_dust":2,"minecraft:white_bed":1,"minecraft:barrel":1,"minecraft:prismarine_crystals":5,"minecraft:dark_oak_log":10,"minecraft:stone_sword":2,"luminousworld:grassflowers":3,"minecraft:arrow":11,"minecraft:rotten_flesh":6,"minecraft:tropical_fish":1,"minecraft:beetroot_seeds":2,"supplementaries:ash":5,"minecraft:light_gray_carpet":5,"minecraft:oak_sapling":1,"minecraft:melon_seeds":2,"minecraft:coal":24,"minecraft:skeleton_skull":3,"minecraft:cobblestone":51},"minecraft:custom":{"minecraft:interact_with_furnace":19,"minecraft:mob_kills":17,"minecraft:interact_with_crafting_table":22,"minecraft:open_barrel":3,"minecraft:damage_dealt_resisted":1190,"minecraft:leave_game":6,"minecraft:time_since_death":19162,"minecraft:sleep_in_bed":2,"minecraft:time_since_rest":10629,"minecraft:sprint_one_cm":352036,"minecraft:damage_taken":6277,"minecraft:walk_one_cm":196307,"minecraft:drop":25,"minecraft:damage_dealt":4592,"minecraft:swim_one_cm":6745,"minecraft:fly_one_cm":516380,"minecraft:player_kills":1,"minecraft:open_chest":43,"minecraft:play_time":96885,"minecraft:crouch_one_cm":33870,"tombstone:undead_killed":10,"minecraft:deaths":22,"minecraft:sneak_time":11554,"minecraft:walk_under_water_one_cm":420,"minecraft:boat_one_cm":3891,"minecraft:jump":2360,"minecraft:walk_on_water_one_cm":2285,"minecraft:total_world_time":96885,"minecraft:fall_one_cm":52202},"minecraft:dropped":{"minecraft:iron_sword":1,"minecraft:crimson_fungus":1,"minecraft:porkchop":1,"minecraft:birch_planks":6,"minecraft:wheat_seeds":2,"minecraft:stone_sword":1,"minecraft:oak_log":3,"mowziesmobs:foliaath_seed":1,"minecraft:cobblestone":42,"minecraft:torchflower_seeds":3,"minecraft:red_mushroom":1,"minecraft:dirt":29,"supplementaries:ash":3,"luminousworld:grassflowers":4,"minecraft:dark_oak_log":3,"born_in_chaos_v1:monster_skin":9,"born_in_chaos_v1:corpse_maggot":2,"minecraft:chest":1,"tombstone:grave_dust":1,"minecraft:wooden_pickaxe":1,"minecraft:acacia_planks":7},"minecraft:used":{"minecraft:cooked_mutton":2,"minecraft:stone_sword":56,"minecraft:stone_pickaxe":49,"minecraft:oak_planks":5,"minecraft:wooden_pickaxe":77,"minecraft:iron_sword":144,"luminousworld:savannah_ground":1,"minecraft:rotten_flesh":5,"minecraft:dirt":55,"minecraft:crafting_table":9,"minecraft:white_bed":1,"tombstone:bag_of_seeds":2,"minecraft:bread":2,"minecraft:barrel":1,"minecraft:wooden_sword":115,"minecraft:cobblestone":21,"minecraft:oak_sapling":1,"minecraft:cooked_porkchop":7,"tombstone:gift":7,"minecraft:oak_boat":1},"minecraft:killed":{"born_in_chaos_v1:barrel_zombie":1,"minecraft:vex":1,"minecraft:pig":2,"born_in_chaos_v1:bone_imp_minion":5,"born_in_chaos_v1:skeleton_thrasher_not_despawn":1,"enemyexpansion:direwolf":1,"born_in_chaos_v1:maggot":1,"minecraft:zombie":2,"born_in_chaos_v1:corpse_fly":2,"minecraft:stray":1},"minecraft:killed_by":{"minecraft:player":1,"minecraft:skeleton":1,"minecraft:stray":2,"minecraft:spider":2,"born_in_chaos_v1:supreme_bonescaller_stage_2":2,"born_in_chaos_v1:bone_imp_minion":3,"born_in_chaos_v1:corpse_fly":1,"undead_revamp2:thebeartamer":1,"minecraft:vex":8},"minecraft:mined":{"minecraft:white_bed":1,"luminousworld:grassvariant_4":2,"minecraft:crafting_table":2,"minecraft:acacia_log":18,"minecraft:grass_block":76,"minecraft:rose_bush":1,"luminousworld:grassvariant_2":4,"luminousworld:grassflowers":2,"minecraft:tall_grass":5,"minecraft:copper_ore":1,"minecraft:cobblestone":3,"minecraft:spawner":4,"minecraft:skeleton_skull":1,"minecraft:weeping_vines_plant":3,"minecraft:iron_ore":12,"minecraft:grass":19,"minecraft:oak_log":15,"minecraft:coal_ore":29,"minecraft:dirt":19,"luminousworld:grassvariant_3":2,"minecraft:cobweb":4,"minecraft:stone":49,"luminousworld:savannah_grass_4":1,"minecraft:oak_leaves":18,"luminousworld:savannah_ground":3},"minecraft:crafted":{"minecraft:wooden_sword":3,"minecraft:oak_planks":64,"minecraft:cooked_porkchop":2,"minecraft:crafting_table":9,"minecraft:wooden_pickaxe":5,"minecraft:iron_sword":3,"minecraft:air":0,"minecraft:oak_boat":1,"minecraft:stick":40,"minecraft:iron_ingot":11,"minecraft:stone_pickaxe":3,"minecraft:acacia_planks":76,"minecraft:dark_oak_planks":8}},"DataVersion":3465}